4.28682469916898413e+02
9.61011355274560515e+02
9.26440904223260304e+02
7.07457771399852049e+02
7.98086123792977332e+02
6.54286568245657122e+02
1.24713176144693466e+03
7.08868604214104380e+02
6.17086585858087119e+02
9.21559822127292250e+02
1.05493373973352891e+03
7.88817725861466670e+02
1.83443841005197146e+03
8.29423150730474845e+02
7.40151952230031270e+02
7.19463396408165409e+02
9.01966981098677593e+02
9.09239441584351994e+02
6.61384463788669336e+02
6.69147563794962707e+02
1.45785998352363026e+03
7.52067106093645407e+02
7.17756056676439130e+02
6.90003320943963217e+02
9.61293642681379538e+02
9.74375892887358077e+02
1.07798289043121326e+03
9.10266474633528105e+02
7.97013901203372143e+02
9.22871520015835927e+02
7.65298166978126460e+02
4.28968475575514958e+02
9.62019088837058689e+02
9.27195313849130343e+02
7.03616134899070175e+02
8.08981221166726982e+02
7.32040453445552998e+02
8.52307789816116156e+02
7.42773674318871144e+02
6.05389063547678575e+02
9.36470417325092399e+02
1.05375493758098264e+03
7.81432883585271270e+02
1.83388852222915671e+03
8.28285269701096581e+02
7.34975133360188920e+02
7.63415977011056498e+02
9.01892440338015717e+02
9.11785968944979345e+02
6.62429070674314062e+02
7.00394242450880029e+02
1.48553045695738410e+03
6.22418349625266046e+02
6.83360723263486875e+02
7.14847428740517898e+02
1.45678542685478124e+03
1.00436764939868033e+03
1.12683861022937913e+03
9.93095413133522925e+02
9.55967582257155414e+02
9.84278365887684117e+02
8.17894373841080892e+02
5.03814281262584245e+02
7.50945817688687725e+02
9.50328264452082635e+02
6.89771272710274161e+02
8.67355229068066819e+02
8.28278449808083906e+02
7.78834877832577263e+02
6.90097019647139291e+02
5.35696883626613499e+02
1.47740492617479913e+03
9.31881685997687214e+02
1.01298759838796775e+03
9.28293540537054014e+02
7.06175347868173958e+02
7.65421156682664105e+02
7.58721629574501776e+02
7.58930333927481342e+02
9.60152969053555580e+02
7.50484653840981764e+02
7.55604383072359269e+02
9.55005091294103181e+02
6.54018815937875161e+02
7.51416445006935533e+02
7.04457394528251598e+02
2.45222680869620172e+03
9.74159409328800166e+02
9.28596385191860804e+02
8.10823532026376370e+02
7.64413883524260314e+02
2.45726792972848853e+03
7.00507651913711243e+02
5.03734503133428063e+02
7.49050775072743590e+02
1.83900184096685143e+03
8.35161726909902768e+02
7.86680529486133310e+02
6.53286196164983266e+02
1.24713173096124729e+03
8.86431069621913934e+02
6.32663304557820197e+02
8.87864967892681875e+02
9.31904902933508311e+02
1.01314220272349780e+03
9.28487316113516727e+02
7.06821403851894729e+02
7.66719740516890511e+02
7.07265421184332467e+02
7.65162652326350099e+02
2.52767393579685358e+03
7.05512752382864846e+02
7.68266018009280060e+02
2.51315393187442123e+03
7.52067254531938715e+02
7.17759984574429382e+02
6.90045165380405479e+02
9.61293660388530384e+02
9.75949969337092512e+02
1.07802183433038272e+03
9.10375263416496750e+02
7.97024556831704103e+02
9.22871559518946356e+02
7.65298506937013371e+02
5.01515308329015340e+02
7.48876233497032786e+02
1.83899648839842234e+03
8.35086120276231213e+02
7.86690711599350948e+02
6.52409629833669442e+02
2.31650819010264331e+03
8.85845947104670813e+02
6.28288173545551558e+02
8.87987041394040830e+02
9.31906714775166392e+02
1.01315393054822812e+03
9.28519855585386836e+02
7.07162796264593453e+02
7.66720737485027712e+02
7.07896758305028129e+02
7.68482483586166950e+02
2.52707965824247458e+03
7.05138393472963116e+02
7.68240845625967950e+02
2.51309098287907409e+03
7.07178216614687813e+02
7.82280906944766912e+02
7.85611734092379038e+02
9.16089073758055406e+02
8.49158896303706342e+02
1.31785437316802404e+03
8.51536528784859456e+02
7.35041137565601730e+02
9.63013961630639187e+02
8.08904982295219042e+02
5.03171478315092997e+02
7.51032593393014849e+02
9.51030000648053715e+02
6.96174567708370432e+02
8.67388072828149689e+02
8.28281165230712077e+02
7.78835422778690941e+02
7.53254173782713792e+02
5.64341332732396268e+02
2.49757719945027111e+03
1.05492316229334801e+03
7.88751639088032107e+02
9.47705879124612579e+02
6.84726911648982536e+02
8.18510856107286372e+02
6.67081742700100335e+02
7.06773269095158525e+02
1.49456158090768190e+03
7.57016906941137790e+02
8.88955844078077007e+02
8.99475395908310588e+02
6.54019444442464078e+02
7.51426334098076495e+02
7.04559934410075357e+02
2.45222687752990350e+03
9.77330079983320161e+02
9.28939203992502371e+02
8.11146572087570917e+02
7.64445046249145776e+02
2.45726816161186389e+03
7.00509770576913866e+02
4.97307372487140640e+02
6.81078336770602959e+02
1.81658062616640746e+03
8.22995004573767346e+02
9.61347605476829131e+02
8.91368475382027896e+02
8.18735434431295857e+02
8.82455638059834428e+02
6.25895937620259133e+02
8.76542494026847294e+02
9.31905958266844436e+02
1.01314877740335487e+03
9.28513991969366998e+02
7.07151322766863018e+02
7.66673199773039187e+02
7.07817526451239587e+02
7.68390627577510713e+02
2.52677844760543712e+03
6.97726161023516056e+02
7.67777544134048071e+02
2.51222123137143035e+03
6.52935050850210473e+02
8.34824730969634061e+02
8.34173479944572932e+02
1.69114934234100610e+03
8.00768530294228640e+02
1.47932944237040874e+03
8.91229019188782217e+02
8.15979908388556396e+02
1.70822544497343370e+03
6.84365338269231643e+02
4.97869249076310098e+02
1.01747860890100856e+03
1.08780055072905770e+03
7.22969043490678473e+02
8.34296729720056874e+02
6.61493258832102811e+02
1.32293075102349735e+03
7.51915553069787620e+02
5.60316224094792005e+02
2.49667955447649956e+03
1.05491981084411259e+03
7.88730699224774298e+02
9.47688776057291648e+02
6.84656582609369025e+02
8.18288832558241779e+02
6.59858543604604620e+02
7.06081359897093307e+02
1.49383617386965147e+03
7.55030230908289468e+02
8.86791971072580168e+02
8.87883272845450165e+02
7.51907112935710302e+02
7.23232492486852379e+02
6.93729571501330042e+02
9.61967867044182640e+02
9.74927654185872711e+02
9.26556390928317001e+02
7.98124353267795755e+02
7.35363162008813788e+02
9.63441917350455924e+02
8.07865209425730200e+02
4.28930391922933438e+02
9.61366643769162692e+02
9.26603686460192762e+02
7.04792209548061010e+02
8.02203023307635249e+02
7.65377945383726569e+02
1.65586911507388095e+03
7.54247548671233289e+02
5.56569134149644356e+02
2.49324726672847373e+03
1.05374649379545872e+03
7.81384386283446247e+02
9.47491037281864465e+02
6.83908400027660264e+02
8.15354959854765070e+02
6.58823457908373939e+02
6.99839388966083106e+02
1.49252617826191408e+03
7.53942818635330809e+02
8.70815287575844536e+02
8.84281825220379687e+02
7.18847483579386676e+02
9.08612019377187266e+02
8.29632879558056857e+02
8.83675908241694742e+02
9.62205116699032601e+02
1.25771650257816987e+03
7.85651568042703616e+02
6.91207877697745516e+02
1.25047663572811689e+03
7.20584016943936945e+02
4.22982477411508455e+02
9.49410866342347504e+02
9.45372745760711382e+02
6.93499065258563178e+02
1.03524749397529126e+03
8.69112579530598737e+02
8.34555694804644645e+02
6.90041487969856689e+02
5.32513317166646971e+02
1.47719636239878832e+03
9.31881530152820346e+02
1.01298656457843003e+03
9.28290856089939211e+02
7.06148555864144214e+02
7.65419823236415937e+02
7.58699240237471827e+02
7.58666776072883977e+02
9.60026062704171864e+02
7.50164687505558504e+02
7.55593887530172083e+02
9.54965559073686450e+02
6.47249288141286911e+02
8.08961733396866862e+02
7.15104145402411973e+02
1.69985146660275586e+03
9.75170977069762557e+02
9.30984998246622240e+02
8.22058460844363708e+02
8.20619376534896674e+02
1.70428103497675647e+03
6.93479788014736300e+02
4.30115469096424874e+02
9.34797519586622684e+02
9.23906329866029864e+02
6.88848875504128159e+02
9.67915214830802142e+02
8.92001853200789469e+02
8.18829224664064100e+02
7.44860349885042751e+02
6.21886155837949104e+02
9.39027122023714469e+02
1.05490083582783473e+03
7.88611743718151615e+02
1.83403100987922835e+03
8.29550882454940165e+02
7.35345457379238610e+02
7.63076913949482446e+02
9.03516477845905001e+02
9.13574843188587352e+02
6.64419137179501604e+02
7.00124181066346296e+02
1.48462955216657792e+03
6.38342444289522291e+02
7.94527942470368998e+02
6.95507570849674835e+02
1.70452885256791683e+03
9.80291879387979975e+02
1.05303198930619374e+03
8.92926944024939075e+02
8.41270491338148986e+02
1.70411598703209415e+03
6.99673270525079033e+02
4.97925455659845056e+02
1.01726320188722559e+03
1.08715851848942589e+03
7.16313648571691260e+02
8.34226515885110530e+02
6.61487066269777188e+02
1.32293075097770884e+03
6.86683715929366144e+02
5.35268907846004481e+02
1.47744419882636794e+03
9.31875897189464013e+02
1.01295389124675330e+03
9.28257288385589391e+02
7.06159946212481486e+02
7.65144746777099954e+02
7.54407264160436398e+02
7.58782980388030751e+02
9.59626504691325977e+02
7.50476093291116968e+02
7.52125831470849448e+02
9.55296697565193085e+02
7.51906877969824563e+02
7.23225079850589282e+02
6.93651646350020201e+02
9.61967838560264909e+02
9.72483901052107967e+02
9.26291927656352300e+02
7.97879007273001207e+02
7.35339798910022751e+02
9.63441823474134821e+02
8.07864431087375806e+02
4.30554111487891930e+02
9.60397587441492760e+02
9.25232968695087493e+02
7.04677157229609747e+02
7.88395107003126441e+02
6.49528987190876705e+02
1.41538366938010199e+03
7.54601431751490054e+02
5.60194047343315788e+02
2.49374069945884503e+03
1.05372399799063101e+03
7.81243429749719212e+02
9.46785455264515008e+02
6.77455335295881241e+02
8.15314474489592385e+02
6.59552870333512828e+02
7.05108692128958637e+02
1.49325400917005527e+03
7.54505997934447691e+02
8.70767876810615803e+02
8.84329539522488176e+02
7.11927653409870572e+02
7.27321503335317402e+02
6.94731178757275416e+02
9.33667907559311288e+02
9.75037848991325291e+02
9.26727852898975812e+02
7.99281249291755898e+02
7.38676284659971202e+02
9.40644826133532888e+02
7.70744023679774273e+02
4.31197533453977883e+02
9.61878028241878383e+02
9.26689393556359164e+02
7.05128829357479503e+02
8.02256888846431139e+02
7.65383134814343862e+02
1.65586918059143727e+03
6.85465517649487992e+02
5.28086420284931478e+02
1.47665241392372832e+03
9.31879421810822350e+02
1.01297378785358410e+03
9.28256562998049503e+02
7.05805033432180039e+02
7.65420168214400633e+02
7.58748862525600771e+02
7.54763280891153158e+02
9.60008072450654822e+02
7.45493990910795674e+02
7.55612504027522164e+02
9.54493117677217128e+02
7.18846989040322342e+02
9.08601818904415040e+02
8.29515099507956279e+02
8.83673846549416794e+02
9.59028054519176408e+02
1.25736565051254274e+03
7.85348076202717380e+02
6.91181241205564447e+02
1.25047653159982633e+03
7.20582185431955736e+02
4.30165518765378295e+02
9.34805713999638783e+02
9.23914146307056740e+02
6.88924355101824176e+02
9.67916818133502943e+02
8.92002002456448963e+02
8.18829258723321686e+02
7.45460558107171892e+02
6.21927318358481671e+02
9.39431292744360690e+02
1.05496099649302323e+03
7.88988548222589316e+02
1.83476465016804627e+03
8.29612888469364066e+02
7.43692932383095467e+02
7.63873887738491135e+02
9.03584124788061672e+02
9.13629449355576867e+02
6.64575934260407507e+02
7.01774023226370332e+02
1.48584739505844800e+03
6.38342445267043331e+02
7.94527957350489487e+02
6.95507730552592875e+02
1.70452885279131806e+03
9.80296861139420230e+02
1.05303208544722315e+03
8.92927289403250143e+02
8.41270521241697679e+02
1.70411598990382572e+03
6.99673272758005851e+02
4.28874190104858030e+02
9.35478789010667356e+02
9.24111740634952866e+02
6.88805215361297201e+02
9.67993637306066148e+02
8.90366986199989697e+02
8.17893773230894340e+02
7.41723845834255826e+02
6.13882737105359638e+02
9.39227071820778519e+02
1.05495558323010437e+03
7.88954962830132217e+02
1.83469605557349428e+03
8.29436766676812681e+02
7.43096060268538281e+02
7.59174003828714945e+02
9.01898183760762322e+02
9.12047492973128101e+02
6.63080221348643477e+02
6.95779529213697174e+02
1.48564856473670056e+03
6.52934531934448160e+02
8.34816860174516250e+02
8.34083504175644862e+02
1.69114851221803929e+03
7.99810418032472626e+02
1.47930552362078993e+03
8.91141478659847849e+02
8.15971390941469053e+02
1.70822529401920951e+03
6.84364756379929077e+02
5.01601465063264413e+02
7.50717768785842964e+02
9.42354057740888720e+02
6.88132111730603697e+02
8.67081250850544166e+02
8.28255809177892274e+02
7.78830332748058026e+02
6.84238225986786915e+02
5.35271164379889342e+02
1.47726811123591301e+03
9.31875803539491244e+02
1.01295293866307884e+03
9.28256416546167543e+02
7.06159609944573049e+02
7.65132812132523213e+02
7.54287646413109314e+02
7.58781251733026465e+02
9.59618925713356930e+02
7.50439988197478442e+02
7.52034765420391182e+02
9.55226536885745190e+02
6.54018807692849350e+02
7.51416303809748911e+02
7.04455995717078963e+02
2.45222680778507447e+03
9.74110544978231815e+02
9.28590573391744442e+02
8.10819140779912800e+02
7.64413441924647032e+02
2.45726792667970176e+03
7.00507624262426020e+02
5.01564224695331177e+02
7.50911145612095993e+02
9.51029054807424586e+02
6.96171997000201145e+02
8.67372566233403745e+02
8.28279908372283217e+02
7.78835174028971323e+02
7.53257900087650114e+02
5.64341704865381530e+02
2.49758670943504148e+03
1.05492317580920849e+03
7.88751723754312025e+02
9.47705925045157869e+02
6.84726965585453058e+02
8.18511800395806517e+02
6.67090366927937907e+02
7.06773761930589558e+02
1.49456215844729741e+03
7.57018013933646216e+02
8.88965051071147172e+02
8.99484766601337810e+02
6.54019444450629408e+02
7.51426334226555809e+02
7.04559935742399034e+02
2.45222687753079799e+03
9.77330121166198410e+02
9.28939208441058099e+02
8.11146576284947855e+02
7.64445046654005637e+02
2.45726816161487613e+03
7.00509770604438927e+02
4.28558171886069033e+02
9.61573929711053552e+02
9.27312372031725317e+02
7.12203171661651822e+02
8.02269698782206888e+02
7.65384372861667202e+02
1.65586919604087734e+03
7.54180963726939694e+02
5.56851111525595456e+02
2.49667155620421181e+03
1.05491422659768500e+03
7.88695699871763509e+02
9.39749180969896884e+02
6.83032179546258476e+02
8.18272927648995392e+02
6.66262720842958629e+02
7.00217225110047139e+02
1.49358210838151240e+03
7.52003153635543185e+02
8.88917419242110896e+02
8.99170882542947652e+02
7.18847487815876434e+02
9.08612105552536150e+02
8.29633586015788637e+02
8.83675934590423935e+02
9.62231086379785552e+02
1.25771465470046201e+03
7.85653707890095802e+02
6.91208042449472373e+02
1.25047663641950066e+03
7.20584028090174797e+02
5.00053552843661635e+02
1.01747845306275599e+03
1.08716166950939987e+03
7.16265896755625590e+02
8.34245410797257477e+02
6.61488737902493654e+02
1.32293075099184171e+03
6.86557071749194051e+02
5.31888802254470875e+02
1.47713392427885719e+03
9.31718475843453803e+02
1.01190394294610769e+03
9.26753145859034021e+02
6.98677554071663167e+02
7.57310343134210257e+02
7.58626930394130341e+02
7.57561092780745980e+02
9.59992835686771627e+02
7.50068288714058781e+02
7.54418199213652315e+02
9.54939650549221028e+02
7.51906807027692935e+02
7.23222987951218329e+02
6.93629553003686624e+02
9.61967830026944512e+02
9.71798141943281394e+02
9.26218456250731379e+02
7.97809422645605537e+02
7.35333200181919210e+02
9.63441795312793147e+02
8.07864196556897923e+02
5.01194592339337987e+02
7.42021836785726578e+02
1.83872444161780413e+03
8.32181937949854159e+02
7.86294572213032325e+02
6.52374864882427119e+02
2.31650819010264331e+03
8.67812094204224309e+02
6.28226817628327808e+02
8.72947222028970032e+02
9.17277025194252474e+02
1.00994378521567160e+03
9.26763443269428876e+02
6.99568477087986821e+02
7.58488053503424226e+02
6.98376948479431121e+02
7.66876189360274452e+02
2.52585259142916811e+03
6.97586996249556933e+02
7.67796785758545866e+02
2.50885609835342393e+03
7.07178357090165832e+02
7.82285631540493910e+02
7.85659820213913008e+02
9.16089090344377382e+02
8.49451923515922545e+02
1.31787082238849143e+03
8.51588070027127628e+02
7.35046037168165981e+02
9.63013983533864234e+02
8.08905164317226308e+02
5.03820697140612822e+02
7.51084541195122142e+02
9.51030259537681331e+02
6.96174393917751786e+02
8.67394623824398877e+02
8.28281709081199210e+02
7.78835532584834709e+02
7.53239377907992321e+02
5.64339913689849368e+02
2.49754178623335065e+03
1.05492311197910885e+03
7.88751323949356674e+02
9.47705707915532116e+02
6.84726710810482928e+02
8.18507337673210486e+02
6.67049669867039484e+02
7.06771433175222910e+02
1.49455943165256599e+03
7.57012781092542127e+02
8.88921548508895853e+02
8.99440507774535035e+02
6.54019444411354812e+02
7.51426333608461960e+02
7.04559929335158245e+02
2.45222687752648972e+03
9.77329922893098910e+02
9.28939187015626658e+02
8.11146556099509098e+02
7.64445044706290446e+02
2.45726816160038243e+03
7.00509770472080390e+02
5.01515420102858172e+02
7.48878798262684654e+02
1.83899960731465922e+03
8.35146535582406500e+02
7.86670118445262005e+02
6.53285283470873310e+02
1.24713173093414048e+03
8.86430522014577377e+02
6.32663323718135757e+02
8.87865423326332461e+02
9.31904903428131774e+02
1.01314220600760859e+03
9.28487319638167719e+02
7.06821408133799650e+02
7.66719771108982059e+02
7.07266073784356422e+02
7.65162691650137617e+02
2.52767400866138087e+03
7.05512790302264648e+02
7.68266317141204468e+02
2.51315464111284882e+03
7.52067254532100947e+02
7.17759984579082243e+02
6.90045165429596750e+02
9.61293660388548687e+02
9.75949971251475290e+02
1.07802183437855615e+03
9.10375263547435679e+02
7.97024556844597214e+02
9.22871559518994673e+02
7.65298506937426509e+02
5.01654170610727078e+02
7.50915065922800864e+02
9.51029046232112591e+02
6.96171604222892711e+02
8.67373176603860315e+02
8.28279929228216588e+02
7.78835173977284057e+02
7.53253899506597122e+02
5.64341322669189140e+02
2.49757721097675494e+03
1.05492316231186737e+03
7.88751639203017135e+02
9.47705879182061608e+02
6.84726911634980070e+02
8.18510857471580039e+02
6.67081753109447391e+02
7.06773268908218256e+02
1.49456158094784291e+03
7.57016907397615228e+02
8.88955857265613076e+02
8.99475408509242698e+02
6.54019444442241934e+02
7.51426334094585286e+02
7.04559934373960004e+02
2.45222687752987349e+03
9.77330078870093530e+02
9.28939203872243979e+02
8.11146571973792561e+02
7.64445046238165446e+02
2.45726816161177521e+03
7.00509770576167512e+02
4.31242412873953242e+02
9.61624903981280113e+02
9.26869593284350231e+02
7.12192891786164978e+02
7.97371720299448384e+02
6.50681343675452126e+02
1.41538367424358830e+03
7.54770690935691391e+02
5.64377987688224380e+02
2.49759654029520243e+03
1.05492318520530080e+03
7.88751782613776868e+02
9.47705983623847942e+02
6.84727271615277800e+02
8.18512392367866369e+02
6.67095868060524026e+02
7.06776787425532348e+02
1.49456485017989007e+03
7.57022311115472462e+02
8.88970806808448060e+02
8.99490831486989009e+02
7.11958830689313345e+02
7.28394523487530023e+02
7.02191330765522139e+02
9.33671612702579409e+02
9.76985396008372049e+02
9.28441415254328604e+02
8.08465441386013936e+02
7.39968658480431714e+02
9.40649654441883058e+02
7.70784657805647498e+02
4.28864513719824288e+02
9.60958350682633522e+02
9.26615300088760932e+02
7.11421659020522156e+02
7.96072043587113967e+02
7.20724941961404397e+02
2.38131747644734287e+03
7.47549409555137572e+02
6.11507431485262828e+02
9.38608297859070831e+02
1.05495899571468226e+03
7.88976108542039242e+02
1.83474826671206779e+03
8.29421134319837165e+02
7.43685939473278381e+02
7.63698882780154918e+02
9.01685793887380896e+02
9.12085917064517957e+02
6.63519948586569626e+02
7.01720004549790247e+02
1.48575185511505447e+03
7.12351186448280714e+02
8.51571498817211932e+02
8.21613268272261166e+02
8.44903554254838355e+02
7.56591697145782973e+02
1.83814561612297052e+03
7.90409897336330800e+02
6.85807762493675568e+02
1.45753158014947576e+03
6.57020616459892835e+02
4.22982475576229035e+02
9.49410849418717476e+02
9.45372694639005772e+02
6.93498549421093799e+02
1.03524748716193949e+03
8.69112579029666904e+02
8.34555694705993915e+02
6.90036421048688339e+02
5.32510988771030156e+02
1.47719192966957053e+03
9.31756837830875838e+02
1.01215865672251130e+03
9.27464662016503439e+02
7.06074582930430779e+02
7.57379835501031039e+02
7.58692274454860808e+02
7.58659464627042667e+02
9.60025151684420393e+02
7.50131838324201453e+02
7.54451035133160985e+02
9.54959068307240159e+02
6.47249288088014396e+02
8.08961732573953213e+02
7.15104137049062615e+02
1.69985146658811573e+03
9.75170720816874223e+02
9.30984970617405907e+02
8.22058434551307869e+02
8.20619373948034763e+02
1.70428103492991818e+03
6.93479787835610523e+02
4.30017664895605094e+02
9.34786329475414277e+02
9.23906170717709529e+02
6.88848599753781627e+02
9.67914107547327376e+02
8.92001757724405365e+02
8.18829206393469804e+02
7.44860323506395048e+02
6.21886155390609247e+02
9.39027121896181256e+02
1.05490083582766169e+03
7.88611743717077275e+02
1.83403100987738958e+03
8.29550882449154187e+02
7.35345457363967284e+02
7.63076913755817941e+02
9.03516477789845112e+02
9.13574843121743811e+02
6.64419137122671373e+02
7.00124180926112672e+02
1.48462955204475770e+03
6.38342444289514788e+02
7.94527942470251560e+02
6.95507570848438945e+02
1.70452885256791160e+03
9.80291879341943741e+02
1.05303198930509575e+03
8.92926944021830650e+02
8.41270491337855788e+02
1.70411598703207301e+03
6.99673270525058456e+02
4.22981871379352356e+02
9.49394137069326462e+02
9.45322196023266656e+02
6.93009416750990454e+02
1.03524052449102692e+03
8.69112096239967286e+02
8.34555606207344567e+02
6.84522091225196846e+02
5.35376343146108184e+02
1.47744304269156851e+03
9.31875888067826736e+02
1.01295383645210507e+03
9.28257291688249552e+02
7.06160806222733754e+02
7.65143959090939575e+02
7.54397713650023775e+02
7.58790913104827041e+02
9.59629820373136113e+02
7.50485584619083056e+02
7.52117876691997026e+02
9.55293910852224371e+02
6.47249420165193328e+02
8.08963764669957072e+02
7.15124817276070189e+02
1.69985150208856908e+03
9.75799998146133703e+02
9.31052456606050441e+02
8.22123558053711577e+02
8.20625765562367405e+02
1.70428114869333399e+03
6.93480232325872521e+02
4.32315637464067265e+02
9.35053544984998894e+02
9.23910489511075070e+02
6.88855176519276256e+02
9.67941047833514403e+02
8.92004064376751558e+02
8.18829653968322305e+02
7.44860893875427564e+02
6.21886163055319457e+02
9.39027101105088946e+02
1.05490083579409429e+03
7.88611743506939774e+02
1.83403100942428318e+03
8.29550882313873444e+02
7.35345452455942223e+02
7.63076850293969414e+02
9.03516476833407296e+02
9.13574837643639398e+02
6.64419134867879166e+02
7.00124134446389917e+02
1.48462952396833339e+03
6.38342444289657124e+02
7.94527942472302357e+02
6.95507570869983738e+02
1.70452885256794661e+03
9.80291880144286097e+02
1.05303198932352575e+03
8.92926944075964116e+02
8.41270491342800256e+02
1.70411598703251593e+03
6.99673270525422140e+02
4.29259622727639112e+02
9.63239279200259716e+02
9.28430267138728937e+02
7.04213176032829551e+02
8.20779926692539902e+02
7.91323126708593918e+02
1.63900072616740795e+03
7.46991821015978303e+02
6.07177148269303984e+02
9.28942814075378465e+02
1.05379711151740185e+03
7.81699646796689422e+02
1.83445564074319054e+03
8.26938853743748950e+02
7.42674158242395606e+02
7.57337664138503214e+02
8.87856278192078321e+02
8.97173267938068875e+02
6.54919806719119606e+02
6.95449039942482955e+02
1.48480653455092784e+03
7.58845361829884382e+02
9.44502239996479375e+02
8.16919027417470829e+02
9.80634415250533493e+02
1.02953674361016533e+03
1.10451182071263543e+03
8.38013862936998521e+02
6.95880587156148067e+02
1.47686556922895852e+03
6.66811510323978609e+02
8.75478231236639886e+02
1.01155801671848189e+03
9.32910694089503068e+02
7.13112721065322148e+02
8.10130840909405720e+02
7.22483066628954475e+02
2.38131759959835017e+03
7.47546577325700241e+02
6.11501229500058116e+02
9.38530072109795469e+02
1.05495886998960009e+03
7.88975320930160024e+02
1.83474676308952235e+03
8.29420169839433925e+02
7.43669682425598239e+02
7.63494696830780299e+02
9.01677461208848854e+02
9.12066149993990962e+02
6.63507099588101482e+02
7.01570033849842957e+02
1.48562260259468849e+03
7.12351186278919613e+02
8.51571495341637615e+02
8.21613226327758184e+02
8.44903553542182522e+02
7.56591219022134737e+02
1.83814560994610497e+03
7.90409868534458042e+02
6.85807759965467994e+02
1.45753158013869097e+03
6.57020616290924977e+02
5.31017267063249051e+02
1.40404231106372038e+02
8.25596873567659372e+02
2.00974556024707624e+02
9.00638944653348744e+02
8.77284934878855893e+02
8.50338108970749090e+02
1.34386026672483268e+02
1.50721877174913686e+02
5.92722177413698432e+02
5.92821709252300479e+02
1.50737592849632676e+02
7.71555425498606155e+02
1.35456962986017174e+02
1.50997202059113079e+02
6.28882176283001627e+02
7.08057076906502630e+02
1.33655311311846361e+02
9.23089640465620391e+02
2.11863243318863823e+02
1.76038759655794706e+03
1.37822351456632560e+02
8.43996269293748014e+02
1.75848922354598540e+03
6.39309720579420173e+02
1.54258374995676206e+02
7.64904467108508470e+02
2.05696218878411599e+02
1.33655307842756542e+02
9.41169297006258148e+02
9.43356492971280545e+02
1.35664852009707204e+02
7.28944571879096316e+02
1.33655307779347822e+02
7.99548544680365808e+02
1.34677614718152256e+02
1.51609063596922852e+02
6.02726375170588881e+02
6.36212668927761797e+02
1.85081717823953880e+02
6.80710044271149627e+02
1.53023976909616607e+02
1.52879335463164011e+02
6.33448634841920352e+02
7.15319029763363460e+02
1.36358557986114306e+02
6.13721639627559398e+02
1.93755973551726242e+02
9.74540924413908897e+02
2.04410499036134638e+02
1.01439151755524290e+03
1.03142485644851126e+03
9.47547108717025708e+02
1.65074191330614667e+02
1.52224103839783538e+02
7.26541980527524515e+02
8.09270821563693517e+02
1.36564292412203230e+02
6.68935595516494573e+02
1.54394518835291677e+02
7.56383859008850550e+02
1.35632074913528214e+02
5.31291109715238917e+02
1.40424007755495182e+02
8.25952820044670489e+02
2.00820016878963173e+02
9.01962503426097555e+02
8.78437807653584855e+02
8.61597990620187034e+02
1.35911011748162508e+02
1.54462578674409542e+02
6.51996326298338545e+02
7.18107857815060129e+02
1.21551278662589553e+02
7.68890906754699017e+02
1.36122240800316803e+02
1.74350161975870208e+02
6.75100973563858474e+02
7.35314694303034912e+02
1.33427069367969722e+02
9.21859028126895510e+02
2.11427380549933162e+02
1.75988066101326308e+03
1.37800040464962649e+02
8.37371143213905270e+02
1.75789638344503987e+03
6.92964111567703640e+02
1.78274664695126035e+02
7.64079242768568747e+02
2.05637133598076105e+02
1.33427064948435714e+02
9.40857650767827181e+02
9.44232826312325983e+02
1.36527252207496588e+02
7.29620825854678060e+02
1.33427064887563233e+02
7.95649242588952006e+02
1.35290706365657400e+02
1.74955439028043997e+02
6.47141683852287542e+02
6.58977449706651896e+02
1.86785902550013617e+02
6.81295979861168234e+02
1.21547176031056964e+02
1.52064477223465303e+02
6.15454020291256370e+02
6.46829999443912129e+02
1.83705598247399053e+02
6.08523906811594429e+02
1.93021912745641146e+02
1.02113575989324761e+03
2.06669423969721151e+02
1.03861597713517358e+03
1.08254146056550417e+03
1.00251206972044849e+03
1.94242833208427783e+02
1.21549753176757733e+02
9.62691662108328046e+02
9.79935873202947278e+02
1.37602418976495699e+02
7.27952780794220075e+02
1.56646481187251368e+02
7.77358107442512392e+02
1.34955980426647557e+02
5.20576570333629093e+02
1.80912976430235915e+02
8.42017541180865805e+02
2.01339464515033512e+02
8.13304249084491289e+02
9.08638987723293894e+02
7.88741702403133672e+02
2.03979354646314846e+02
1.21548374104974513e+02
8.62997031638874546e+02
8.62997031638874546e+02
1.21548374104974528e+02
7.55552273752338124e+02
1.35088661487412935e+02
1.74427513975089539e+02
6.39670193946597692e+02
6.45072897296133533e+02
1.79830188314149325e+02
9.76029116367733195e+02
1.41424049019050301e+02
8.26878532713915888e+02
2.01007385711371370e+02
9.36859497029075897e+02
8.79708548360186796e+02
6.89566465710553530e+02
1.78041846831514022e+02
7.71493564566119176e+02
1.36439229531007555e+02
1.83455819170762197e+02
6.95120651008280447e+02
7.51434713479346783e+02
1.36435134472083803e+02
6.88981756628621497e+02
1.83010901397790093e+02
8.23686737994388864e+02
1.36373971569247857e+02
1.77877631957757842e+02
6.87300607995177529e+02
7.48577959909818787e+02
1.36273518344699085e+02
7.09272348623236326e+02
1.21548374028155109e+02
1.21548412048570199e+02
7.30458034708599598e+02
6.95647696076253624e+02
1.89049966145427561e+02
6.25701798437657772e+02
1.40662206867887761e+02
8.27011711329554828e+02
2.00936362259460140e+02
9.10946784714596674e+02
8.80181059054161324e+02
8.63927019057821440e+02
1.36546821456075264e+02
1.21548412558733730e+02
7.40990439981421559e+02
7.07448359264296073e+02
1.92088128966707188e+02
7.50282888140361479e+02
1.21548374048648881e+02
7.69817558965806143e+02
1.36291800663904411e+02
5.20425206631148853e+02
1.80812985114958224e+02
1.76451733620096411e+03
1.37934949045603219e+02
8.09909363824733873e+02
1.76348634573272830e+03
8.40255194088630446e+02
1.34366398504064250e+02
1.50669322068329251e+02
5.91994067810746401e+02
5.92093477086807297e+02
1.50685044016853027e+02
7.68286824074177161e+02
2.05220167771061000e+02
1.31433634720271698e+02
9.25052319666816970e+02
9.27804079759927845e+02
1.33960895420945974e+02
9.76052899314929050e+02
1.41427082454720534e+02
8.27052242022707674e+02
2.01049985637726650e+02
9.37046934488259012e+02
8.79922390204320436e+02
7.67005510445859727e+02
1.31433634643799223e+02
7.72196393786426825e+02
1.36561487899625376e+02
1.33960900094755118e+02
7.53950693231042578e+02
7.05369454143180178e+02
1.89565405577728598e+02
7.68204726938638373e+02
1.33960895371914205e+02
8.25102735166731236e+02
1.36622402228982878e+02
1.31433647912858987e+02
7.53993576494203808e+02
7.10506038220682740e+02
1.92535624019273257e+02
6.80710155090958096e+02
1.53023984187025405e+02
1.52879537147978425e+02
6.33451461681152182e+02
7.15322196803513975e+02
1.36358561362338918e+02
6.25065901869738241e+02
1.94576077578087848e+02
9.74572237854007085e+02
2.04414710979446426e+02
1.01576656725170233e+03
1.03147143080675210e+03
9.47642984517189234e+02
1.65074882138028670e+02
1.52224594660753951e+02
7.26550058811083204e+02
8.09279750028036915e+02
1.36564299082272385e+02
6.68935840863323165e+02
1.54394535827847278e+02
7.56420849756353959e+02
1.35632151983884228e+02
5.18804065663976871e+02
1.80687297924203449e+02
1.76451107176295704e+03
1.37933466257932196e+02
8.09755622070061690e+02
1.76348190503387718e+03
8.40245349110592542e+02
1.34349195409910351e+02
1.50611461786959012e+02
5.91661963610365433e+02
5.91563228444904667e+02
1.50595749060790411e+02
7.68199956173917144e+02
2.05192706630683972e+02
1.31432070231637226e+02
9.24539724482296037e+02
9.27200058842038516e+02
1.33875645840772080e+02
9.76054748243888866e+02
1.41427312563407753e+02
8.27093040836012733e+02
2.01069195656959721e+02
9.37057192151387540e+02
8.79946670334755481e+02
7.67561006696365780e+02
1.31432070153093633e+02
7.72568614262563415e+02
1.36626639622129176e+02
1.33875652570584776e+02
7.56605076460719943e+02
7.10772043234136618e+02
1.92676508823972767e+02
7.67786680769568079e+02
1.33875645762265236e+02
8.25103083388284745e+02
1.36621908638720441e+02
1.31432083419913567e+02
7.53974337220455027e+02
7.10464919341327004e+02
1.92522213989012329e+02
6.26958630408410158e+02
1.51515252329822715e+02
1.51620431720069320e+02
7.15090700666707903e+02
7.95550867675594645e+02
1.35423923813041569e+02
6.13422749175922831e+02
1.90201269078272134e+02
1.23859800598589732e+03
1.88926675703039393e+02
9.11265809946066838e+02
1.24711074035014281e+03
8.98903812432412678e+02
1.35971621152632565e+02
1.53695098144287783e+02
6.45996016043058830e+02
7.30604189474846407e+02
1.37421136222017736e+02
7.19268320899048945e+02
1.56593329075865597e+02
8.36909786023698416e+02
1.63993827715857407e+02
5.20117395285612361e+02
1.80883732285125916e+02
8.42851736399464357e+02
2.01700574217014406e+02
8.13381517943657286e+02
9.09208264896637729e+02
7.88765723190995232e+02
2.03981222257754979e+02
1.21548374104975721e+02
8.62999427091561643e+02
8.62999427091561643e+02
1.21548374104975721e+02
7.62550043837466546e+02
1.36327858454231688e+02
1.31388541628237363e+02
7.41787625369632678e+02
6.92444110595155507e+02
1.84606929127933540e+02
9.23078593106719040e+02
2.11859378992489042e+02
8.39856115804839760e+02
2.00945959946401217e+02
8.45611684346811330e+02
9.05555642444380055e+02
7.31508369240413458e+02
1.31388528826362034e+02
7.51458553348034002e+02
1.35415863622912724e+02
1.82158758337312292e+02
6.58644051933856872e+02
6.63844814016185410e+02
1.87359623060568481e+02
6.95179810576753425e+02
1.84805124252453254e+02
7.56309579093877574e+02
2.04477993285336140e+02
1.31388528924786129e+02
9.27236577618901833e+02
9.32694130856161109e+02
1.36401686555733448e+02
7.09272903064141133e+02
1.21548374028155379e+02
1.21548412048958369e+02
7.30466048281136068e+02
6.95654915975600375e+02
1.89050518919414742e+02
6.51038479653540662e+02
1.40724418125916515e+02
8.27266094439414815e+02
2.00959612104785776e+02
9.13284778022488013e+02
8.80612313545584584e+02
8.64212657357829698e+02
1.36547432895257373e+02
1.21548412559956901e+02
7.41015692530112233e+02
7.07471117763054167e+02
1.92089877871922113e+02
7.50284757137920337e+02
1.21548374048649819e+02
7.69908226665935672e+02
1.36291994696288242e+02
5.12423756827446482e+02
1.76937939429666358e+02
1.74012263177162140e+03
1.37696276687767522e+02
7.53553131774650979e+02
1.74303862056118351e+03
8.92650526935797643e+02
2.09258493032105378e+02
1.21548374472191611e+02
9.17213210640923535e+02
9.17208985995673743e+02
1.21547454116457658e+02
7.56016781874090270e+02
2.01290891944826285e+02
1.31421024055077112e+02
9.21538555914543963e+02
9.24159945464469729e+02
1.33828939316377955e+02
9.76053971048081621e+02
1.41427211472563187e+02
8.27088170094600059e+02
2.01068394524032414e+02
9.37050802988794089e+02
8.79939813844128594e+02
7.67479174784448333e+02
1.31421023977176901e+02
7.72556592165243956e+02
1.36624845448270719e+02
1.33828946611048991e+02
7.56495852051330985e+02
7.10711011488936151e+02
1.92667644860833150e+02
7.61198456198063241e+02
1.33828939229701803e+02
8.25051257326572113e+02
1.36612818886744407e+02
1.31421037253211608e+02
7.53588937302476552e+02
7.09752231705265103e+02
1.92124574165570607e+02
7.08107820728945399e+02
1.21547184886852847e+02
1.21548378431285755e+02
8.32188043343104368e+02
7.93084597356626659e+02
1.90564677790965504e+02
6.11565918892219429e+02
1.90289672219862297e+02
1.41230170206225603e+03
1.85491561635067455e+02
8.66882621126050935e+02
1.39635718267855327e+03
9.35696159030550575e+02
1.37558751531869234e+02
1.21549233382562250e+02
7.85937244504572618e+02
7.47122494215945494e+02
1.93880180645123062e+02
7.36023164817331121e+02
1.21548374047628784e+02
8.72463801198118517e+02
1.70213138229473827e+02
5.48090650818158792e+02
1.85388314248856858e+02
9.86381052455850522e+02
2.06488115714225785e+02
1.02575584328665809e+03
1.03922004900225875e+03
8.82234034524011918e+02
1.34526906789375147e+02
1.50852000789383482e+02
5.99993998863010916e+02
5.99993998863010916e+02
1.50852000789383482e+02
7.86105534086043690e+02
1.36301603695273315e+02
1.31306004129668196e+02
7.40585777720777401e+02
6.88365006610549472e+02
1.81468539103295598e+02
9.23075092963190286e+02
2.11858142124400729e+02
8.39840125174345758e+02
2.00941498318703736e+02
8.45588469341231644e+02
9.05537426940232194e+02
7.25046743490177278e+02
1.31305990588920849e+02
7.51381732374680041e+02
1.35402287788368454e+02
1.81918617569430069e+02
6.57937445827713873e+02
6.62976072286953240e+02
1.86957836195472510e+02
6.93532402312518343e+02
1.84496757031096877e+02
7.56038487887975521e+02
2.04357444558694681e+02
1.31305990690260785e+02
9.25238438787505174e+02
9.30743428120301587e+02
1.36362706329346054e+02
6.81980640913263414e+02
1.52719485435402817e+02
1.52052028859338463e+02
6.38891000378937861e+02
7.21675559332648504e+02
1.36345037829535414e+02
6.47436429541208554e+02
1.40677289692387660e+02
8.24993176758389041e+02
2.00291475626987392e+02
9.10779607210376071e+02
8.78119605098239504e+02
8.52110696337707509e+02
1.35977826223492769e+02
1.52448993976071733e+02
6.47886406156097792e+02
7.32993273241573092e+02
1.37404774607647084e+02
7.19872491825834459e+02
1.56269736490926675e+02
7.59755999789250609e+02
1.35739635346157428e+02
5.31243592576956871e+02
1.40411203295907342e+02
8.25577507708336952e+02
2.00850758313737060e+02
9.01113712236651736e+02
8.77629865212043114e+02
8.56343957260933394e+02
1.36566011328557522e+02
1.21549226831586324e+02
7.44939283122780125e+02
6.75888855927720670e+02
1.56236732476243674e+02
7.70175028700798066e+02
1.36347476822315883e+02
1.31327895267722425e+02
7.43090767969636431e+02
6.93175248250183813e+02
1.84313868891414018e+02
9.21850097109057970e+02
2.11424916512672155e+02
8.39660664624296032e+02
2.00892334375198516e+02
8.39045511004871742e+02
9.05321409939427554e+02
7.24211532292184984e+02
1.31326970209876436e+02
7.50587861311520214e+02
1.35279717273725424e+02
1.78803413706538095e+02
6.50445509691461098e+02
6.55624760400080731e+02
1.83983389489000416e+02
6.92502247042517524e+02
1.84316697777625478e+02
7.53053177122651277e+02
2.03548783948958032e+02
1.31326986630652897e+02
9.11291211135338358e+02
9.16759940604302528e+02
1.36341237394684271e+02
6.39708977831647076e+02
1.54114005600431597e+02
1.21547441498317752e+02
9.32355243992756982e+02
9.47689364351093900e+02
1.35652559230733544e+02
6.26776424044640294e+02
1.88197153843565872e+02
1.19963399302424318e+03
1.68736342729722054e+02
9.75251507854829356e+02
1.16579901213208950e+03
8.40569371423029452e+02
1.35110488475165880e+02
1.52741778546436308e+02
6.18987248236780374e+02
6.55549664539063997e+02
1.89143104194017951e+02
7.67897046927774682e+02
1.21547163686886250e+02
8.02103594034544585e+02
2.04297693434624989e+02
5.25662145370829307e+02
1.40328539430132281e+02
8.38723941532025492e+02
2.01333921080070951e+02
9.30258742167967966e+02
9.02021549989391815e+02
1.00763233518234529e+03
1.90847667433136621e+02
1.21547810959462041e+02
8.96257863046123475e+02
8.96257863046123475e+02
1.21547810959462041e+02
7.58885619007385003e+02
1.35087579444194006e+02
1.74421168618050331e+02
6.39656303064093322e+02
6.44899229403734466e+02
1.79665409837964972e+02
9.76028956808875591e+02
1.41424028734813987e+02
8.26875226615551924e+02
2.01005886733440207e+02
9.36858546695299879e+02
8.79706485564321156e+02
6.89548261101916069e+02
1.78038767284482276e+02
7.71464299344038864e+02
1.36434058242788240e+02
1.83281054745587738e+02
6.94767589125825907e+02
7.51220643288039355e+02
1.36434695173473301e+02
6.88587656853043882e+02
1.82833163765641586e+02
8.23685337761071651e+02
1.36373765647542371e+02
1.77875179395556131e+02
6.87291039963929734e+02
7.48563191167395416e+02
1.36267240291350902e+02
7.03177947261605823e+02
1.21547174055870769e+02
1.21551015431602053e+02
7.84159866339348014e+02
7.44139666953920482e+02
1.91317392824789437e+02
6.22915181182518950e+02
1.40682057256367045e+02
8.29372555070478143e+02
2.01568932010963238e+02
9.12460002351896378e+02
8.82597441422760994e+02
8.75019179060532565e+02
1.37648807977893313e+02
1.21551078554009081e+02
7.93143470746134540e+02
7.54465746426082092e+02
1.94338485345084223e+02
7.43957512078529589e+02
1.21547170965319850e+02
7.80417551802114417e+02
1.37419995492016596e+02
5.11761085985712839e+02
1.89230746491910509e+02
8.18921651052374273e+02
1.96658334237454994e+02
9.60324465906742489e+02
8.78891008679680112e+02
9.05656840606250626e+02
2.09002902499455331e+02
1.21547442434947996e+02
9.17729041655225046e+02
9.17733275520913367e+02
1.21548374480968434e+02
7.55991611208485097e+02
1.36163191275814654e+02
1.77112841607548802e+02
6.79183530845920473e+02
7.37441572150475622e+02
1.33749784059294910e+02
9.23055286349466314e+02
2.11851102096966940e+02
1.76003265898512541e+03
1.37824858657787303e+02
8.43711906068836470e+02
1.75802936077332083e+03
6.92408888802229171e+02
1.78075793425440793e+02
7.65073070007121373e+02
2.05788304694527596e+02
1.33749779527024373e+02
9.42644948212849272e+02
9.45661085829458216e+02
1.36520628874499693e+02
7.31726940159714331e+02
1.33749779445911003e+02
7.95970370726111696e+02
1.35285426437220480e+02
1.74753388495419188e+02
6.46612703659958811e+02
6.58925816619149032e+02
1.86869726504674901e+02
6.95425370903862927e+02
1.21548374027145655e+02
1.21549236539320887e+02
7.68688662757909810e+02
7.29337228842119089e+02
1.90401691991189978e+02
6.16417589259303895e+02
1.95482137372127738e+02
9.50237278604740595e+02
2.04380993824130599e+02
1.02129571911032508e+03
1.00582670000764097e+03
9.27484288328486173e+02
1.70372027921819324e+02
1.21548378498263872e+02
8.36467953937202310e+02
7.98540081800219241e+02
1.93865458908496237e+02
7.49337076843277259e+02
1.21547183084643137e+02
7.62899166122131078e+02
1.37137945971594746e+02
5.48124326551595800e+02
1.85378461018631242e+02
9.85604394064864664e+02
2.06059204037517787e+02
1.02555754917734635e+03
1.03871264291398097e+03
8.82171975535242723e+02
1.34526785287460370e+02
1.50851677654199420e+02
5.99989477153051666e+02
5.99989477153051666e+02
1.50851677654199420e+02
7.78840574547888082e+02
1.35021513749408086e+02
1.71746940651108787e+02
6.34536852910397783e+02
6.39885362189894863e+02
1.77055663697168512e+02
9.76023272730246276e+02
1.41423385709322815e+02
8.26850110537197452e+02
2.01004674880356276e+02
9.36817063160416183e+02
8.79664466233975986e+02
6.83505772814578677e+02
1.75053331036381195e+02
7.71476785214272581e+02
1.36436331524976509e+02
1.83425923149145945e+02
6.94988590172159434e+02
7.51225037599154689e+02
1.36350205776726881e+02
6.88946969472359228e+02
1.82988468446132373e+02
8.23367406173688551e+02
1.36305494291893439e+02
1.74923354102731821e+02
6.81876951716337203e+02
7.45686535284656998e+02
1.36273339196416373e+02
6.81980465138685872e+02
1.52719473998869262e+02
1.52051665146853765e+02
6.38885642436147918e+02
7.21669551529959563e+02
1.36345032894336043e+02
6.25288096108585705e+02
1.40629340142373536e+02
8.24796855972336061e+02
2.00273599701469863e+02
9.08976923162527441e+02
8.77786999340363195e+02
8.51893754685271688e+02
1.35977367810589897e+02
1.52447852498379973e+02
6.47869513696903823e+02
7.32974327794672149e+02
1.37404759156625971e+02
7.19871912726037067e+02
1.56269697891636412e+02
7.59687096593156866e+02
1.35739489900652245e+02
5.32655035189682280e+02
1.40392187932751455e+02
8.24576093464875839e+02
2.00773473738529162e+02
8.99643971057278236e+02
8.75889843925293690e+02
8.41687626174135858e+02
1.34292682415858167e+02
1.50575229064897542e+02
5.88468718019122548e+02
5.88468718019122548e+02
1.50575229064897542e+02
7.70081634218177555e+02
1.36354515808969353e+02
1.31328990671265387e+02
7.43395962250640650e+02
6.93717634699472228e+02
1.84452324492029334e+02
9.21826612935266326e+02
2.11416619097647896e+02
8.38821188663256635e+02
2.00529389432969708e+02
8.38920315281701733e+02
9.04749721865767924e+02
7.24856730275146560e+02
1.31328081707436553e+02
7.45008380625269979e+02
1.35383207028074338e+02
1.81863819415336252e+02
6.57244690333427002e+02
6.62202614938624379e+02
1.86972983250306982e+02
6.93216784410464925e+02
1.84463726056383109e+02
7.53021580612428579e+02
2.03544783967636533e+02
1.31328098083263200e+02
9.11251015600397182e+02
9.16730657649473642e+02
1.36352440449002302e+02
6.33839449981145435e+02
1.53860449342603829e+02
1.54671397295308850e+02
6.45028768604388915e+02
7.24902483344543043e+02
1.35516998206030223e+02
6.47333403854297330e+02
1.40679443167229209e+02
8.25162350636838028e+02
2.00345481662148472e+02
9.10913266675804834e+02
8.78293355161108138e+02
8.53195143957041637e+02
1.36041827978917723e+02
1.55269564603431320e+02
6.53282231191189226e+02
7.35257837877476732e+02
1.36671022630588908e+02
6.76591359822161394e+02
1.56958883811442433e+02
7.60722824115688582e+02
1.35819037514307894e+02
5.33254382783621622e+02
1.40421236992343268e+02
8.25658645806394361e+02
2.00869253375696530e+02
9.01490821737161696e+02
8.77720141306318624e+02
8.56391581697479864e+02
1.36566113154983299e+02
1.21549226831593657e+02
7.44943505670423065e+02
6.75892645323262741e+02
1.56237003181181194e+02
7.69000676191598700e+02
1.34997712087883826e+02
1.71658678299195458e+02
6.33744936769803417e+02
6.38606875705860716e+02
1.76662709634106108e+02
9.76026819832648471e+02
1.41423777642855157e+02
8.26832978026974047e+02
2.00985675111117700e+02
9.36847025103307146e+02
8.79680147969119616e+02
6.89661986523051951e+02
1.78123425965474325e+02
7.71077176422187790e+02
1.36357342858989256e+02
1.80043015395249768e+02
6.88717697966817127e+02
7.48032935187269004e+02
1.36435662598165919e+02
6.82005470421034943e+02
1.79599302797304688e+02
8.23686008985142053e+02
1.36374127309906783e+02
1.77958053947340062e+02
6.87384740146355284e+02
7.48483226226079182e+02
1.36175445943151118e+02
6.39708617853671512e+02
1.54113979623989877e+02
1.21547441498334948e+02
9.32346259645805389e+02
9.47680369410227286e+02
1.35652549527456102e+02
6.01690838458639519e+02
1.87904727449312304e+02
1.19933563053127887e+03
1.68728435129830785e+02
9.72706279349842362e+02
1.16539567049379957e+03
8.40300934271816914e+02
1.35109965851843441e+02
1.52740376288039357e+02
6.18967880568079522e+02
6.55530200221139694e+02
1.89141613265502457e+02
7.67895431468246215e+02
1.21547163686887089e+02
8.02012057273340815e+02
2.04292374912979000e+02
5.11805083520757876e+02
1.89231534298180947e+02
8.18931442434124847e+02
1.96662209213928236e+02
9.60331696132277102e+02
8.78896850179983289e+02
9.05658059454269733e+02
2.09002978252344121e+02
1.21547442434927973e+02
9.17729172764103623e+02
9.17733406630462014e+02
1.21548374480968491e+02
7.56070692669141749e+02
1.36174931363309213e+02
1.77454550458740101e+02
6.80063601649205339e+02
7.37857246856639108e+02
1.33750591305124374e+02
9.23118093327348902e+02
2.11873337949345398e+02
1.76067820575256019e+03
1.37826075205675124e+02
8.44222604578527807e+02
1.75885109458352190e+03
6.93419652672019197e+02
1.78426228682448425e+02
7.65121662995463794e+02
2.05794596265388321e+02
1.33750586438463529e+02
9.42705153069662288e+02
9.45737412713222739e+02
1.36536224166352696e+02
7.31865902946017513e+02
1.33750586357460861e+02
8.03369159612004864e+02
1.35317773627973935e+02
1.75155448271658457e+02
6.48269088885417204e+02
6.60086887745845843e+02
1.86964774629726833e+02
6.95425371765847444e+02
1.21548374027145655e+02
1.21549236539321186e+02
7.68688674721610823e+02
7.29337239621324329e+02
1.90401692820904316e+02
6.16446437064875909e+02
1.95485267455205360e+02
9.50237351865873734e+02
2.04381007868762026e+02
1.02130006043631784e+03
1.00582681902856666e+03
9.27484590149376231e+02
1.70372029695003619e+02
1.21548378498263887e+02
8.36467978784350748e+02
7.98540104390107899e+02
1.93865460370335143e+02
7.49337078811005654e+02
1.21547183084643152e+02
7.62899307127710927e+02
1.37137946263414733e+02
5.10852733252191570e+02
1.89114492112573032e+02
8.19134120185125312e+02
1.96607642260322564e+02
9.60450910588430816e+02
8.79089361084774964e+02
9.05986994617949449e+02
2.08988203679418518e+02
1.21548374463949401e+02
9.16365726664610065e+02
9.16361512386300774e+02
1.21547448267495042e+02
7.55884282379506544e+02
1.36101396841065764e+02
1.74391363745446682e+02
6.74387853911406182e+02
7.34619874954468969e+02
1.33593231387175166e+02
9.23112434760062570e+02
2.11871306692250187e+02
1.76061409372757157e+03
1.37822620212465864e+02
8.44180191893951019e+02
1.75877801741940630e+03
6.86953878386676934e+02
1.75289579836590008e+02
7.64905308639489135e+02
2.05708465476936965e+02
1.33593224239752630e+02
9.41053785452420129e+02
9.44157105288965568e+02
1.36443731481884186e+02
7.30377891294851224e+02
1.33593224128263643e+02
8.02713530707430436e+02
1.35199972575600555e+02
1.72185750968511911e+02
6.41125079041006302e+02
6.52942370028905316e+02
1.83960383798697421e+02
7.08107363085438010e+02
1.21547184886852449e+02
1.21548378431283112e+02
8.32181391027885411e+02
7.93078512427463693e+02
1.90564314580511450e+02
6.02782925133224012e+02
1.89600212223199861e+02
1.41228101831551930e+03
1.85484324272609229e+02
8.66036505961181092e+02
1.39633002892605214e+03
9.35618771402709172e+02
1.37558584410339733e+02
1.21549233382710440e+02
7.85930312797131251e+02
7.47116243892389889e+02
1.93879706810611651e+02
7.36022651507304090e+02
1.21548374047628528e+02
8.72385055389208674e+02
1.70212573665423776e+02
5.18959910218820937e+02
1.80785052627130625e+02
8.32537385108308172e+02
1.97234437797182466e+02
8.13097222693696949e+02
9.02170730373463812e+02
7.88541375782180353e+02
2.03963775276562615e+02
1.21548374104964680e+02
8.62977058749427897e+02
8.62977058749427897e+02
1.21548374104964680e+02
7.53980245505520656e+02
1.34973531981308184e+02
1.71562872262270389e+02
6.32709630144108701e+02
6.38133399810954643e+02
1.76921935242859035e+02
9.76023170504159225e+02
1.41423367092745139e+02
8.26849534922582507e+02
2.01004612058440841e+02
9.36815849382718284e+02
8.79663298169747122e+02
6.83352243759069665e+02
1.74990084283623730e+02
7.71476453517102755e+02
1.36436297872758104e+02
1.83425897929246901e+02
6.94987707054171096e+02
7.51221611724675768e+02
1.36347872676331860e+02
6.88921307311322835e+02
1.82986624311051173e+02
8.23355012903493844e+02
1.36303719128903651e+02
1.74863045526374094e+02
6.81742294799665729e+02
7.45623913491932171e+02
1.36272631000895274e+02
7.09272341342248865e+02
1.21548374028155109e+02
1.21548412048593192e+02
7.30457918306177135e+02
6.95647591203219349e+02
1.89049958316269198e+02
6.25324804392638043e+02
1.40661247140859359e+02
8.27007284943028026e+02
2.00935986738129316e+02
9.10909952579794663e+02
8.80173861840455402e+02
8.63923129555706282e+02
1.36546812785786983e+02
1.21548412558796770e+02
7.40990076538615313e+02
7.07448031755302736e+02
1.92088104344383567e+02
7.50282863724905724e+02
1.21548374048648867e+02
7.69816319997804044e+02
1.36291797891412784e+02
5.18941053269366421e+02
1.80792775101808274e+02
8.42850917639107365e+02
2.01700393479720049e+02
8.13274020273207839e+02
9.09207191975736350e+02
7.88754349243386969e+02
2.03980341715704981e+02
1.21548374104975309e+02
8.62998318088519227e+02
8.62998318088519227e+02
1.21548374104975309e+02
7.62547855137853048e+02
1.36327931566924946e+02
1.31390232085138990e+02
7.41792334741768855e+02
6.92446837338605064e+02
1.84607144287858489e+02
9.23078607216773094e+02
2.11859383990162996e+02
8.39856151910433368e+02
2.00945965095846645e+02
8.45611779205726293e+02
9.05555698179877027e+02
7.31517817463800611e+02
1.31390219287524815e+02
7.51458611455493724e+02
1.35415873292738354e+02
1.82158803136118024e+02
6.58644428974543871e+02
6.63845608812484784e+02
1.87360085551163365e+02
6.95180634008913671e+02
1.84805201405655680e+02
7.56310731511602853e+02
2.04478509062323724e+02
1.31390219385948939e+02
9.27246539912385742e+02
9.32702276477657279e+02
1.36401708275810620e+02
7.09272903071344217e+02
1.21548374028155379e+02
1.21548412048958369e+02
7.30466048385244221e+02
6.95654916069397700e+02
1.89050518926596538e+02
6.51038808811219724e+02
1.40724418933956883e+02
8.27266097739455290e+02
2.00959612406597842e+02
9.13284808385954761e+02
8.80612319142655451e+02
8.64212661069211435e+02
1.36547432903201070e+02
1.21548412559956915e+02
7.41015692858174702e+02
7.07471118058716115e+02
1.92089877894643962e+02
7.50284757162201799e+02
1.21548374048649819e+02
7.69908227843995064e+02
1.36291994698809106e+02
5.30919618908806342e+02
1.40415270302512113e+02
8.26469567928784045e+02
2.01260124636420443e+02
9.01301034205085443e+02
8.78155176134661133e+02
8.56402909505079265e+02
1.36566137444843861e+02
1.21549226830667877e+02
7.44944513714074333e+02
6.75893550060993107e+02
1.56237067662671222e+02
7.76709067668639932e+02
1.36345947631176557e+02
1.31389495537460107e+02
7.42522879943197381e+02
6.92637971316049516e+02
1.84344986052107913e+02
9.23069264053892084e+02
2.11856052599603629e+02
8.30395723788178998e+02
1.96849140583793314e+02
8.45557238914754748e+02
8.99102638151609312e+02
7.30786421348673343e+02
1.31389482589117165e+02
7.49822898557807548e+02
1.35287127448739852e+02
1.78847663974906652e+02
6.50719788074930648e+02
6.56335928697546024e+02
1.84317054596912612e+02
6.88166669793238839e+02
1.81374425911055255e+02
7.56134463676047744e+02
2.04462946578042931e+02
1.31389482687878171e+02
9.27203260134503807e+02
9.32552592253662738e+02
1.36303159097399828e+02
6.39708980674911345e+02
1.54114005855134081e+02
1.21547441498323550e+02
9.32355319095258665e+02
9.47689439531305425e+02
1.35652559313786952e+02
6.27023972188466360e+02
1.88197873229983884e+02
1.19963155278629847e+03
1.68736354646775368e+02
9.75270989286537542e+02
1.16579775661461827e+03
8.40571247535491580e+02
1.35110491708605309e+02
1.52741787902476716e+02
6.18987362808584749e+02
6.55549780083345240e+02
1.89143113397154480e+02
7.67897056757449263e+02
1.21547163686887743e+02
8.02104084380952600e+02
2.04297727242087319e+02
5.49758906107616554e+02
1.85452585645397789e+02
9.85602998134094605e+02
2.06058501783498713e+02
1.02573592858428378e+03
1.03872034088469877e+03
8.82188679473344678e+02
1.34526818087730561e+02
1.50851764661821619e+02
5.99990699309809543e+02
5.99990699309809543e+02
1.50851764661821619e+02
7.78796728517122347e+02
1.35019212518112312e+02
1.71603743239461210e+02
6.34441180167789639e+02
6.39671951659685988e+02
1.76834320343728535e+02
9.75861992031933823e+02
1.41402786780576321e+02
8.25379314572251133e+02
2.00546646881819754e+02
9.35585903356212611e+02
8.78126977145811452e+02
6.89476969950121429e+02
1.78016034988501559e+02
7.64850072433848936e+02
1.36412363884223964e+02
1.83190992685477454e+02
6.93932643551234150e+02
7.50323395326322498e+02
1.36433276378806283e+02
6.88486386992416669e+02
1.82796270619660277e+02
8.16506375243932553e+02
1.36350697668017460e+02
1.77794322449821976e+02
6.86417721499814888e+02
7.47608604445593301e+02
1.36265348908170211e+02
6.81980412099159253e+02
1.52719470539124842e+02
1.52051560850426540e+02
6.38884132320344861e+02
7.21667858826994689e+02
1.36345031354514305e+02
6.22292088144207241e+02
1.40615885967408673e+02
8.24742475439258442e+02
2.00268608587005673e+02
9.08472157827341903e+02
8.77694437062198972e+02
8.51832234981757097e+02
1.35977238342718152e+02
1.52447525336053900e+02
6.47864747901888450e+02
7.32968983946030676e+02
1.37404754477615683e+02
7.19871738404742928e+02
1.56269686226329014e+02
7.59667563996661784e+02
1.35739448857979085e+02
5.18223871160133626e+02
1.80323588527022082e+02
1.76421237427474739e+03
1.37876510670572941e+02
8.03700724011323473e+02
1.76323650896085019e+03
8.39895159660650961e+02
1.34348513286998809e+02
1.50609636846102376e+02
5.91636648021342808e+02
5.91537917095545481e+02
1.50593923900413500e+02
7.65132071565746060e+02
2.04285540184453964e+02
1.31369867441969092e+02
9.08687766797385507e+02
9.11424083711650155e+02
1.33874459115292069e+02
9.63080474570048068e+02
1.41364327029220163e+02
8.25433569364125901e+02
2.00592300991351578e+02
9.34224102207990768e+02
8.78093317174726508e+02
7.59154776091105646e+02
1.31369853659933995e+02
7.65835026865163627e+02
1.36595131256861151e+02
1.33874465589434692e+02
7.55343042033731194e+02
7.09078107544591148e+02
1.92199577746419834e+02
7.61127321650450881e+02
1.33874458948942987e+02
8.17833372987048733e+02
1.36613419307637884e+02
1.31370798645141122e+02
7.54138062835092001e+02
7.10264333017462377e+02
1.92113197631085256e+02
6.26958731969493101e+02
1.51515259206119737e+02
1.51620645708238555e+02
7.15094296200688063e+02
7.95554836253128201e+02
1.35423926569070403e+02
6.15816170459495424e+02
1.92572633691780823e+02
1.23861289781684627e+03
1.88930330146089602e+02
9.11524701510955310e+02
1.24712874696012886e+03
8.98949377568773912e+02
1.35971717277992639e+02
1.53695344103738648e+02
6.45999550642262193e+02
7.30608152500563619e+02
1.37421139890378015e+02
7.19268455925739204e+02
1.56593338185592017e+02
8.36952154353807714e+02
1.63994139488583954e+02
5.20588255913811508e+02
1.80920337083643858e+02
8.42851915882063395e+02
2.01700578919470331e+02
8.13427466780079385e+02
9.09208603193293811e+02
7.88770502285944531e+02
2.03981594952509084e+02
1.21548374104975963e+02
8.62999906835575985e+02
8.62999906835575985e+02
1.21548374104976105e+02
7.62549574393970033e+02
1.36327568144967614e+02
1.31382248904149918e+02
7.41769344309834423e+02
6.92433285677626941e+02
1.84606077785006448e+02
9.23078540579610376e+02
2.11859360383620299e+02
8.39855981179279866e+02
2.00945940758175482e+02
8.45611331186891448e+02
9.05555434651778910e+02
7.31473225409230849e+02
1.31382236086189096e+02
7.51458336959412009e+02
1.35415827600438888e+02
1.82158589785008161e+02
6.58642645541487695e+02
6.63841855811436062e+02
1.87357902817609954e+02
6.95176739700983035e+02
1.84804835067677516e+02
7.56305285069716660e+02
2.04476072229269732e+02
1.31382236184615067e+02
9.27199473380763038e+02
9.32663789046868942e+02
1.36401605602659572e+02
7.09272903036696903e+02
1.21548374028155379e+02
1.21548412048958340e+02
7.30466047884321824e+02
6.95654915618086534e+02
1.89050518892047876e+02
6.51037224477079576e+02
1.40724415043655881e+02
8.27266081843963320e+02
2.00959610953436822e+02
9.13284662179865222e+02
8.80612292187284538e+02
8.64212643220707719e+02
1.36547432864985240e+02
1.21548412559956844e+02
7.41015691279703674e+02
7.07471116636141801e+02
1.92089877785339013e+02
7.50284757045439619e+02
1.21548374048649819e+02
7.69908222178548385e+02
1.36291994686681591e+02
5.18804280210197703e+02
1.80687428046842086e+02
1.76451505172548059e+03
1.37934650982501267e+02
8.09757437646038397e+02
1.76348416290382715e+03
8.40245990669700063e+02
1.34366380596263781e+02
1.50669274100990975e+02
5.91993403655927978e+02
5.92092812819822598e+02
1.50684996055213560e+02
7.68275759620665099e+02
2.05219339972171554e+02
1.31433760605237296e+02
9.25051973673335624e+02
9.27803597132830077e+02
1.33960895796891094e+02
9.76052899821414485e+02
1.41427082519157580e+02
8.27052244801493089e+02
2.01049986040178084e+02
9.37046938596425093e+02
8.79922394474837006e+02
7.67006223186684906e+02
1.31433760528765333e+02
7.72196398403710077e+02
1.36561488671191398e+02
1.33960900470700921e+02
7.53950725470785869e+02
7.05369515612114242e+02
1.89565440532481432e+02
7.68204760798587699e+02
1.33960895747859610e+02
8.25102768543322895e+02
1.36622408098204716e+02
1.31433773797510582e+02
7.53993944781206437e+02
7.10506257572753270e+02
1.92535641693977709e+02
6.80710155091079173e+02
1.53023984187033363e+02
1.52879537148212904e+02
6.33451461684507876e+02
7.15322196807275304e+02
1.36358561362342442e+02
6.25065915886187668e+02
1.94576078544969903e+02
9.74572237892975636e+02
2.04414710984476471e+02
1.01576656892561141e+03
1.03147143086413053e+03
9.47642984632625257e+02
1.65074882138872482e+02
1.52224594661342849e+02
7.26550058820876075e+02
8.09279750038853535e+02
1.36564299082280485e+02
6.68935840863621479e+02
1.54394535827867685e+02
7.56420849799851908e+02
1.35632151983975518e+02
5.19008202771336528e+02
1.80797830916439125e+02
8.42850892885198050e+02
2.01700374003913737e+02
8.13277522167525603e+02
9.09207199579021562e+02
7.88754836298283522e+02
2.03980374975878703e+02
1.21548374104975167e+02
8.62998336776235192e+02
8.62998336776235192e+02
1.21548374104975167e+02
7.62547423772186335e+02
1.36327853072756483e+02
1.31388543821861987e+02
7.41787405332443313e+02
6.92443910744877599e+02
1.84606914169014090e+02
9.23078593126083888e+02
2.11859378999352430e+02
8.39856115846075795e+02
2.00945959948756922e+02
8.45611684477435006e+02
9.05555642518042077e+02
7.31508380807571484e+02
1.31388531020013744e+02
7.51458553331718349e+02
1.35415863619251127e+02
1.82158757818178117e+02
6.58644051289745335e+02
6.63844814413664835e+02
1.87359623574191801e+02
6.95179810397848428e+02
1.84805123767281174e+02
7.56309580765027022e+02
2.04477994010787228e+02
1.31388531118437697e+02
9.27236591627102598e+02
9.32694142486167038e+02
1.36401686564704562e+02
7.09272903063945137e+02
1.21548374028155379e+02
1.21548412048958369e+02
7.30466048278308790e+02
6.95654915973052766e+02
1.89050518919219485e+02
6.51038470752517696e+02
1.40724418104074374e+02
8.27266094350199864e+02
2.00959612096623346e+02
9.13284777201937686e+02
8.80612313394282637e+02
8.64212657257227875e+02
1.36547432895041936e+02
1.21548412559956901e+02
7.41015692521217034e+02
7.07471117755038676e+02
1.92089877871306101e+02
7.50284757137261977e+02
1.21548374048649819e+02
7.69908226634002631e+02
1.36291994696219746e+02
5.33288620523982331e+02
1.40416269204122841e+02
8.26148063913081842e+02
2.01237032368340408e+02
9.01069633126912095e+02
8.77591122655613276e+02
8.49631039557000577e+02
1.34315292632519402e+02
1.50635937796430312e+02
5.89306313592371339e+02
5.89306313592371339e+02
1.50635937796430312e+02
7.76713143776293919e+02
1.36357613811547310e+02
1.31391266278383171e+02
7.43019251862079841e+02
6.93548277251977083e+02
1.84688674741284444e+02
9.23078617025932886e+02
2.11859387465474981e+02
8.39856209982019436e+02
2.00945983673557123e+02
8.45611843774159297e+02
9.05555757265670991e+02
7.31523796186612230e+02
1.31391253423681604e+02
7.51458946047607014e+02
1.35415932655534306e+02
1.82160799218334546e+02
6.58648464733433002e+02
6.63848086343978139e+02
1.87360523477941513e+02
6.95185594157403784e+02
1.84807264575065403e+02
7.56311453136992782e+02
2.04478831728578825e+02
1.31391253522106126e+02
9.27252743276057004e+02
9.32707445826933053e+02
1.36401792590221817e+02
6.33862111825356351e+02
1.53862091757193014e+02
1.54727924095698569e+02
6.45808713346910963e+02
7.25772609660643298e+02
1.35517609971479601e+02
6.51063452646939368e+02
1.40717655134261719e+02
8.26784363646202564e+02
2.00813473122846858e+02
9.12874169652628666e+02
8.80098466862449300e+02
8.61324654703969827e+02
1.36067185454841876e+02
1.55337647231462341e+02
6.54221615294630965e+02
7.36305899522851973e+02
1.36671819955643940e+02
6.76620895591542194e+02
1.56961024408400249e+02
7.67326778920212064e+02
1.35840091082440324e+02
5.31176759315460004e+02
1.40403190843824660e+02
8.25924218908532112e+02
2.01184590267364058e+02
9.00506981954195567e+02
8.77306381268984296e+02
8.49980660435814343e+02
1.35689607436337837e+02
1.21548410843892952e+02
7.05587338398567567e+02
6.40233253543481737e+02
1.54323978729549879e+02
7.75878546418642600e+02
1.36215926164287566e+02
1.77568340862599882e+02
6.81560826385547330e+02
7.39323692515987318e+02
1.33546674360765451e+02
9.23116001825042417e+02
2.11872630229929200e+02
1.76065985948099842e+03
1.37822315541537563e+02
8.44211498978693044e+02
1.75883667394312670e+03
6.93299434243135806e+02
1.78419090340070369e+02
7.64884318225091874e+02
2.05697189295324080e+02
1.33546667489265047e+02
9.40815864500024531e+02
9.44066697184004624e+02
1.36532792583176985e+02
7.30715749525978708e+02
1.33546667383613936e+02
8.03361844845045766e+02
1.35316714322627860e+02
1.75154884131345341e+02
6.48233552452013328e+02
6.59991537433139911e+02
1.86913101227080773e+02
6.34147303821448872e+02
1.53882760979062994e+02
1.21548374115242851e+02
8.83545201724105937e+02
8.98761132109189248e+02
1.35525307296653409e+02
5.99144689302508255e+02
1.86872253825699602e+02
1.76347740990814918e+03
1.37669118644886566e+02
8.16641332874382101e+02
1.76281382233778140e+03
8.44239911293540558e+02
1.35004502689626634e+02
1.52486486684863507e+02
6.14838032749598710e+02
6.48096688425664297e+02
1.85745798561297875e+02
7.11920413612317020e+02
1.21548374029478396e+02
7.56672280832606248e+02
2.02748871623923662e+02
5.25662143392201642e+02
1.40328539095990237e+02
8.38723878192535835e+02
2.01333892326545708e+02
9.30258727418408398e+02
9.02021511085470365e+02
1.00763232954130694e+03
1.90847667295173665e+02
1.21547810959462041e+02
8.96257862605606533e+02
8.96257862605606533e+02
1.21547810959462055e+02
7.58885055739469635e+02
1.35087480015389815e+02
1.74417571431671774e+02
6.39649287272113156e+02
6.44895436490970951e+02
1.79665024815923545e+02
9.75901274132188064e+02
1.41407784480844896e+02
8.26270927164539899e+02
2.00958620678941770e+02
9.35809349981394917e+02
8.78658396868461523e+02
6.89539869162755622e+02
1.78035070431968393e+02
7.71398887291919891e+02
1.36433914785511320e+02
1.83280551738477527e+02
6.94762157127582896e+02
7.51214582173557801e+02
1.36434558486481478e+02
6.88563662423473829e+02
1.82831315417375947e+02
8.16568379750844542e+02
1.36351341903440471e+02
1.77811644280841250e+02
6.86457002000386069e+02
7.47636451567448375e+02
1.36266595717703069e+02
7.03177947214619280e+02
1.21547174055870769e+02
1.21551015431602053e+02
7.84159865666516907e+02
7.44139666346750801e+02
1.91317392779863326e+02
6.22913121730476860e+02
1.40682052228344332e+02
8.29372534584368623e+02
2.01568930133091555e+02
9.12459813433312547e+02
8.82597406650437733e+02
8.75019155811437031e+02
1.37648807927134612e+02
1.21551078554009081e+02
7.93143468632419626e+02
7.54465744518296106e+02
1.94338485202983975e+02
7.43957511920538877e+02
1.21547170965319836e+02
7.80417544415880911e+02
1.37419995475869570e+02
5.11675150341873064e+02
1.89229608658308621e+02
8.18921525628177733e+02
1.96658309349428407e+02
9.60314772132653616e+02
8.78890815807235867e+02
9.05655985103727744e+02
2.09002851309321727e+02
1.21547442434937011e+02
9.17728957525279384e+02
9.17733191390587763e+02
1.21548374480968405e+02
7.55991367266902557e+02
1.36163190758228041e+02
1.77112840127219016e+02
6.79183511485693202e+02
7.37441550663166254e+02
1.33749784050517775e+02
9.23055286349285325e+02
2.11851102096904015e+02
1.76003265898338736e+03
1.37824858657673786e+02
8.43711906067563973e+02
1.75802936077138111e+03
6.92408888569071678e+02
1.78075793322209677e+02
7.65073070000105076e+02
2.05788304691398594e+02
1.33749779518247522e+02
9.42644948153852056e+02
9.45661085775879314e+02
1.36520628870699340e+02
7.31726940100044430e+02
1.33749779437133981e+02
7.95970370709648705e+02
1.35285426434468462e+02
1.74753388395035074e+02
6.46612703465519985e+02
6.58925816514683675e+02
1.86869726494428846e+02
6.95425370903856333e+02
1.21548374027145655e+02
1.21549236539320887e+02
7.68688662757815109e+02
7.29337228842033710e+02
1.90401691991183355e+02
6.16417588932369426e+02
1.95482137348985589e+02
9.50237278603848381e+02
2.04380993824010829e+02
1.02129571906997899e+03
1.00582670000633732e+03
9.27484288325757348e+02
1.70372027921799202e+02
1.21548378498263872e+02
8.36467953936955951e+02
7.98540081799994482e+02
1.93865458908482395e+02
7.49337076843259183e+02
1.21547183084643152e+02
7.62899166121038206e+02
1.37137945971592444e+02
5.25661271353096936e+02
1.40328193087417276e+02
8.38662546882337665e+02
2.01305039623178089e+02
9.30243823467117750e+02
9.01981845164190190e+02
1.00762650858020061e+03
1.90847531791958318e+02
1.21547810959453415e+02
8.96257437020003863e+02
8.96257437020003863e+02
1.21547810959453415e+02
7.58334795227147197e+02
1.34979099211719785e+02
1.71609080231174204e+02
6.32999616189938024e+02
6.38357731299687657e+02
1.76928802978102226e+02
9.76023263520390401e+02
1.41423384634501247e+02
8.26850157979310779e+02
2.01004716765705695e+02
9.36816982336709088e+02
8.79664425397182868e+02
6.83493804168146994e+02
1.75048020307234879e+02
7.71477712062948740e+02
1.36436487079115039e+02
1.83431975825484102e+02
6.94999438997051129e+02
7.51231120164201570e+02
1.36350018362726161e+02
6.88958894651162382e+02
1.82994603320344368e+02
8.23366541181168600e+02
1.36305338188701569e+02
1.74918113830811080e+02
6.81866145210179184e+02
7.45680269109777214e+02
1.36273525332435071e+02
7.03178063699003815e+02
1.21547174055870684e+02
1.21551015431594195e+02
7.84161525457995594e+02
7.44141164092870554e+02
1.91317503803603643e+02
6.25453829419670910e+02
1.40694398174750603e+02
8.29422497358066835e+02
2.01573531000094221e+02
9.12923056803435088e+02
8.82682415854028704e+02
8.75076733547707136e+02
1.37648933330799593e+02
1.21551078553990848e+02
7.93148686181510357e+02
7.54470453608350681e+02
1.94338836525739680e+02
7.43957903940464803e+02
1.21547170965319893e+02
7.80435828426170019e+02
1.37420035345442017e+02
5.13694658313208151e+02
1.89258398474747992e+02
8.18924999155628598e+02
1.96658837833767194e+02
9.60546838848178368e+02
8.78895979866516086e+02
9.05676914201599288e+02
2.09004087474813900e+02
1.21547442434944074e+02
9.17730990193867115e+02
9.17735224068347407e+02
1.21548374480969088e+02
7.55997183594231615e+02
1.36163201947586174e+02
1.77112837853553799e+02
6.79183896775764651e+02
7.37442012914912084e+02
1.33749784200865690e+02
9.23055286314249201e+02
2.11851102084172084e+02
1.76003265858106079e+03
1.37824858655013969e+02
8.43711905777115362e+02
1.75802936026749489e+03
6.92408811833735399e+02
1.78075757620223499e+02
7.65073069853992138e+02
2.05788304627572415e+02
1.33749779668578071e+02
9.42644947466774852e+02
9.45661083568721892e+02
1.36520627623988418e+02
7.31726938269202492e+02
1.33749779587464531e+02
7.95970365380664134e+02
1.35285425521512735e+02
1.74753353700224892e+02
6.46612639528960585e+02
6.58925781733457370e+02
1.86869723934332399e+02
6.95425370903981843e+02
1.21548374027145655e+02
1.21549236539320887e+02
7.68688662759476870e+02
7.29337228843531989e+02
1.90401691991297696e+02
6.16417594505069587e+02
1.95482137768631986e+02
9.50237278618685082e+02
2.04380993826092265e+02
1.02129571977273031e+03
1.00582670002836051e+03
9.27484288373264462e+02
1.70372027922136624e+02
1.21548378498263872e+02
8.36467953941115411e+02
7.98540081803791509e+02
1.93865458908717301e+02
7.49337076843579894e+02
1.21547183084643137e+02
7.62899166140081206e+02
1.37137945971632689e+02
5.31574026788519291e+02
1.40447952705624829e+02
8.26875083038063963e+02
2.00915503139401949e+02
9.03497846746977757e+02
8.79985451239388567e+02
8.73254191496729618e+02
1.37074077629527437e+02
1.21550826671250860e+02
7.73087515039744062e+02
7.02471278943999437e+02
1.56402465676711415e+02
7.69507714479789797e+02
1.36204888316660970e+02
1.77578827709263749e+02
6.81324665268127887e+02
7.38983233928694517e+02
1.33469854068717638e+02
9.21902987512109121e+02
2.11443412232645471e+02
1.76035162807100437e+03
1.37773645590603508e+02
8.37771113402156743e+02
1.75855965341536603e+03
6.85784106391387127e+02
1.75264854374906548e+02
7.62358524123323377e+02
2.04988885198934440e+02
1.33469714942101916e+02
9.28631827369381199e+02
9.31836194494277152e+02
1.36407728343267735e+02
7.23092706832390490e+02
1.33469711085373831e+02
8.02334399038692823e+02
1.35193494102844113e+02
1.72265244258769314e+02
6.41009929871158192e+02
6.52242793674073823e+02
1.83579446647298539e+02
6.87382123045723120e+02
1.53014099561684958e+02
1.21549908665561716e+02
9.51057067426947924e+02
9.67043862130863545e+02
1.36453680235554089e+02
6.27352068530184511e+02
1.90615993453154715e+02
1.00618869138144134e+03
2.10764604301109614e+02
1.04078953515124135e+03
1.05283495004382303e+03
8.86256600298635590e+02
1.35201557031406850e+02
1.52758486699347287e+02
6.24304424010251978e+02
6.57932446989148616e+02
1.86632348158797811e+02
7.20455945058465886e+02
1.21547172865138307e+02
8.49442153188755583e+02
1.92285847953471091e+02
9.26241771758515256e+02
1.41395999389795065e+02
8.30585860745640730e+02
2.01601824922376181e+02
9.38309102938910428e+02
8.85235527433359948e+02
8.62420306771957485e+02
1.35724103337216832e+02
1.21548410912903861e+02
7.07012025201487859e+02
6.41511181683757059e+02
1.54416596609664481e+02
7.77370271085547984e+02
1.36215870579852378e+02
1.77467911408261699e+02
6.81458360152834530e+02
7.39321333992795530e+02
1.33546552671764459e+02
9.23115870573933535e+02
2.11872583728133122e+02
1.76065851845428551e+03
1.37822296617548318e+02
8.44210456922714684e+02
1.75883500772474849e+03
6.93050608930693670e+02
1.78308055584834506e+02
7.64883195196489055e+02
2.05696716636089604e+02
1.33546545800390305e+02
9.40808381272913039e+02
9.44054984978144944e+02
1.36528786262818130e+02
7.30704282163708285e+02
1.33546545694737318e+02
8.03344300055449366e+02
1.35313771758029333e+02
1.75046704515909937e+02
6.48024110624910577e+02
6.59881904286896656e+02
1.86904549661053466e+02
6.34147303698345922e+02
1.53882760970141021e+02
1.21548374115242851e+02
8.83545198658086747e+02
8.98761129039552316e+02
1.35525307293330400e+02
5.99140157021114419e+02
1.86871902895254379e+02
1.76347740359154977e+03
1.37669117821899476e+02
8.16640910472734049e+02
1.76281381630064971e+03
8.44239885831582342e+02
1.35004502640021030e+02
1.52486486551676279e+02
6.14838030911925443e+02
6.48096686579439961e+02
1.85745798419552045e+02
7.11920413463259706e+02
1.21548374029478396e+02
7.56672250165091896e+02
2.02748869238323778e+02
4.46420986781194301e+02
1.00339658886805182e+02
9.89494293833212168e+02
6.17035249850706293e+01
6.24169132055100491e+01
9.90218923831438474e+02
7.59427137337523163e+02
1.14896342397242606e+02
6.88788374796896733e+02
1.21703770253383732e+03
1.21722582036002427e+03
5.64018043966889735e+01
6.82396285893486265e+02
1.11276536319170447e+02
8.64774713485949860e+02
1.21250632372329079e+02
1.08064944432600259e+03
6.23440793009877368e+01
7.55492458237759138e+02
1.18687528940429559e+02
6.19620723760531504e+01
7.99918533405351127e+02
8.64254093708225923e+02
6.32351222237542885e+01
8.95795167979458824e+02
9.01637745267045375e+02
8.56841137901652701e+02
1.22757701169540411e+02
7.51086837717419030e+02
5.61344097425121547e+01
7.09662705369195578e+02
1.12147800893877900e+02
7.02635117326078557e+02
1.42525620311146872e+03
1.43046376393578225e+03
6.13228705331107307e+01
6.40299069435144816e+02
1.06690284998974334e+02
6.64845666984551258e+02
1.08780998213868827e+02
7.49555599172061761e+02
9.56051355928722160e+02
7.81952059872270070e+02
5.61336218082263514e+01
6.58825864458737442e+02
8.46158960300562910e+01
9.84015315219806325e+02
6.15466075011898539e+01
6.34777485818682408e+01
9.85571739928029388e+02
8.75471890866877175e+02
1.16716344109286325e+02
8.24756044624239848e+02
9.19400546200282292e+02
8.66342493831383649e+02
1.21900640576666177e+02
7.95278195129624351e+02
5.61344616489151704e+01
9.06535929434030663e+02
1.22890047511228985e+02
7.40938083495527735e+02
9.18344930768628728e+02
4.46690997479383554e+02
1.00378724305521246e+02
9.90434592422783339e+02
6.16732776049291687e+01
6.25032398590815603e+01
9.91276458125049771e+02
7.71125379823965318e+02
1.16969350963862183e+02
7.63165854320002040e+02
8.53762847127716327e+02
7.90852732504510641e+02
1.02270009998948666e+02
6.77553606863960454e+02
1.09534854704666017e+02
8.77304777806463562e+02
1.21827005234992754e+02
1.07945451595827512e+03
6.22859446817986679e+01
7.46496844006317133e+02
1.15652066443663131e+02
6.19212423677423516e+01
7.92968749571586841e+02
8.63157004565895704e+02
6.32343407423114812e+01
8.95554985746078501e+02
9.03505443383347938e+02
8.60066494506604954e+02
1.23953760523673481e+02
7.96866475708177177e+02
5.95088690820352753e+01
7.03500346872303453e+02
1.10163988825208520e+02
7.36187341803193817e+02
1.45460831919740212e+03
1.45645259471735631e+03
6.13310356050387355e+01
6.40887983778138846e+02
1.06481366320717768e+02
6.89324150231149588e+02
1.10629253390249005e+02
7.16270395208025320e+02
1.42433478700806972e+03
5.92707248762053268e+02
8.93718495987773167e+01
6.39754353282404963e+02
9.30912759415114692e+01
1.01663684615181762e+03
6.17510854747628102e+01
6.41078778570837642e+01
1.01864204737157490e+03
9.76032011920424679e+02
1.00771812465638973e+02
9.65519653340620039e+02
9.62682033870028022e+02
9.45874697905333846e+02
1.22153732278091610e+02
8.45407781333533762e+02
5.61336557770853659e+01
1.42923606670148320e+03
6.10194373882093331e+01
7.77037676274571595e+02
9.35636056843715210e+02
5.49293825441630133e+02
6.20452535151062605e+01
7.64092784873775031e+02
6.15663607917807241e+01
1.17482910940562789e+02
7.23716529466294332e+02
9.00216283725382254e+02
6.26544527368431474e+01
8.10528665152484450e+02
7.70613545213959355e+02
7.27056210451190395e+02
9.83135092998949034e+01
6.66685097026991116e+02
1.09841333204324911e+02
1.44782999311094727e+03
6.03377954598105504e+01
8.83354073999384809e+02
1.31032559033054952e+02
1.03956770738096043e+03
6.16934925777439247e+01
6.21598495332679732e+01
1.04004141561117558e+03
6.82488601204818679e+02
1.12397980101182327e+02
7.93462767896033483e+02
9.58633687988452380e+02
9.01672250118652642e+02
1.26540478721325982e+02
7.92345350840364972e+02
5.95111141284842375e+01
7.33538353675422059e+02
1.15618978685791078e+02
7.89404204939961915e+02
9.52977412196686601e+02
8.97032770391513736e+02
1.26056877247811713e+02
7.85261649774680677e+02
6.03512251227754035e+01
6.80826375352694072e+02
1.12122811767917767e+02
7.82011991140685268e+02
2.41954321485056198e+03
6.19340194567275717e+02
9.13597875239254194e+01
5.40514028741213110e+02
1.08038214411463997e+02
1.00213961329056019e+03
6.16799192630907172e+01
6.25171867138770523e+01
1.00299007877509098e+03
7.72931079200061731e+02
1.18358871255464337e+02
7.94536422830067977e+02
2.42439841250495556e+03
2.43013744695200558e+03
6.16494808044630318e+01
6.59459968091885230e+02
9.39497623049331594e+01
2.42491040254182553e+03
6.12836230386757350e+01
7.26267188416368185e+02
1.44697985923864144e+03
5.49201729596909217e+02
6.20303360770537395e+01
7.21311284510622613e+02
1.16608623397431757e+02
6.23238680512521697e+01
7.63077427793252127e+02
7.49558484899016435e+02
1.14238786734871184e+02
6.87824457791693476e+02
1.21703766995136198e+03
1.21722579197112464e+03
5.64018043905127371e+01
8.69659742617771826e+02
6.31124708006534334e+01
8.36056354580797233e+02
1.19751326468934764e+02
8.83377790310472278e+02
1.31037563301558578e+02
1.03972184142924698e+03
6.16985880662218449e+01
6.21700722944253528e+01
1.04020077635236385e+03
6.83189554989800286e+02
1.12589482577285196e+02
8.00341352804780854e+02
2.49732917348245928e+03
2.49801869811123106e+03
6.17027855931697786e+01
6.77334550153935652e+02
1.06362792637660661e+02
7.34961071291877488e+02
1.15994466924615978e+02
8.02279705561603237e+02
2.48230440110970949e+03
2.48400346263911661e+03
6.16892731229337699e+01
6.78736715755534647e+02
1.09541806507549083e+02
6.64881733156418818e+02
1.08783259071774765e+02
7.49559384509271808e+02
9.56051372483015257e+02
7.81952202801993394e+02
5.61336218084146097e+01
6.73845892142859839e+02
8.46696363370146088e+01
9.85506709216528066e+02
6.15469384642272956e+01
6.34786705925727830e+01
9.87063639044516435e+02
8.75568292162667717e+02
1.16721345327079007e+02
8.24766299020570045e+02
9.19400583160006704e+02
8.66342535877880096e+02
1.21900650812866502e+02
7.95278522727078439e+02
5.61344616493547690e+01
9.06535948294039372e+02
1.22890051993593630e+02
8.78513183806781512e+02
8.79673581204560833e+02
5.47061919749987965e+02
6.20289584926614097e+01
7.21159193376658891e+02
1.16596678547982719e+02
6.23239434815863049e+01
7.62914140136708284e+02
7.49578448885054968e+02
1.14186176596186058e+02
6.86445851943181083e+02
2.28650728596930412e+03
2.28650909423596795e+03
5.61366897405895386e+01
8.69582387050693796e+02
6.31076008516549365e+01
8.36264714314200432e+02
1.19417582466270730e+02
8.83379643956816153e+02
1.31037934141233393e+02
1.03973587641728727e+03
6.17012687974605640e+01
6.21700798557840599e+01
1.04021208322095890e+03
6.83568246890481532e+02
1.12682358326035967e+02
8.03485569014104954e+02
2.49672384599174438e+03
2.49743547049318795e+03
6.17077229632756215e+01
6.77876536089676847e+02
1.06395897940952096e+02
7.34961639797252246e+02
1.15993577725316925e+02
8.02254778639374308e+02
2.48224247431125832e+03
2.48393949144687349e+03
6.16860655465237784e+01
6.78468989176074160e+02
1.09228715410261586e+02
7.67311539263683130e+02
1.10596026437790471e+02
8.10591295969077123e+02
9.13055952738775886e+02
7.39272684543199375e+02
5.61343861596055689e+01
6.70029043465697100e+02
6.28128853031464942e+01
8.41485533023494327e+02
8.05635174228207802e+01
6.28736820095685047e+01
8.56533163161214702e+02
8.08585176149789390e+02
1.19979046270181698e+02
7.66211056473372764e+02
9.57563945760751608e+02
9.08463977500520514e+02
1.25178812512052787e+02
8.36824986553857798e+02
5.61336239144797773e+01
8.59122194777329241e+02
1.20156431767239084e+02
8.77977367523679504e+02
8.79709368473875543e+02
5.48675019921096009e+02
6.20459343564755770e+01
7.64223946250973427e+02
6.16164235591491689e+01
1.17488537695093157e+02
7.23792119970122599e+02
9.00247953056070628e+02
6.26544741520982669e+01
8.10531036977278291e+02
7.70614164898627109e+02
7.27056680658750111e+02
9.83135396889532842e+01
6.73722197742264825e+02
1.11705302717083612e+02
2.46787157967212170e+03
6.05779479547097424e+01
1.08063872419414565e+03
6.23435578869587488e+01
7.99423299067102221e+02
6.15287805996686146e+01
1.18421856069619338e+02
7.55175770380266613e+02
6.62730303728954368e+02
1.09958793750003338e+02
7.43423818093398495e+02
1.46415461757462936e+03
1.46496854424072467e+03
6.13674871350825342e+01
6.42599722601914323e+02
1.04069100829778179e+02
8.53635515527287907e+02
6.31320157119499328e+01
8.81197313804687383e+02
8.89689674855731027e+02
8.49261116960884351e+02
1.23120654051715576e+02
7.91785090920386892e+02
6.05767103544254226e+01
6.80915103716138219e+02
1.12128760397951211e+02
7.82021520130914155e+02
2.41954328119574257e+03
6.19340736965499673e+02
9.13598225390199730e+01
5.65310295750427144e+02
1.09709404952495973e+02
1.00519565179463507e+03
6.16807305227385569e+01
6.25197336539347788e+01
1.00604788031952785e+03
7.73210607865545057e+02
1.18377611925696527e+02
7.94566450797766947e+02
2.42439863599402179e+03
2.43013768722968962e+03
6.16494974779180396e+01
6.59461796494046553e+02
9.39498803393830428e+01
2.42491047386404807e+03
6.12836279848809937e+01
7.87795191232045454e+02
2.46728281922840370e+03
5.42458931567566992e+02
6.15009290550119943e+01
6.62887324602138392e+02
1.12493349630772201e+02
1.11568572159381347e+02
6.70397216504084327e+02
9.89879033896914279e+02
6.32936071641870726e+01
8.75091848189398775e+02
8.11468698163458043e+02
7.66002170699128555e+02
9.88468833394251334e+01
8.57907196360632952e+02
6.30808265678979296e+01
8.23448388051456277e+02
1.15775977821901193e+02
8.83378872074438732e+02
1.31037763597441170e+02
1.03973082082675796e+03
6.17011757117467283e+01
6.21697053765676699e+01
1.04020673675574858e+03
6.83557137455795555e+02
1.12678243786336296e+02
8.03374827534895076e+02
2.49641463979599939e+03
2.49714225541485848e+03
6.17070919248815528e+01
6.77794426400193856e+02
1.06377924178938372e+02
7.34909651895441129e+02
1.15979722174043445e+02
8.01803774028399175e+02
2.48140005127908944e+03
2.48304241146375443e+03
6.16276570914227904e+01
6.69719595463148721e+02
1.06411365147772642e+02
8.35160525089342741e+02
9.82487332829275033e+01
8.65415786863572407e+02
1.63476627808397961e+03
6.19721147301097631e+02
9.08224405822994072e+01
6.67342291559949217e+02
6.24209095209819438e+01
7.89602997998297269e+02
9.23819082085395564e+01
6.32161424411678112e+01
8.09855594349342823e+02
8.45347547546095257e+02
1.23368679001300393e+02
8.56301653758824386e+02
1.65091587433040650e+03
1.70553501561644998e+03
6.15182837022101410e+01
6.45657311467072418e+02
9.30038159881432449e+01
1.68753240659802145e+03
6.12780570049975566e+01
8.74403602619241269e+02
8.69636600002232626e+02
5.25135887981845030e+02
1.03721751226137741e+02
1.03735776211545704e+03
6.18154852222169211e+01
6.26954043333985354e+01
1.03823849357106837e+03
7.92224222871898178e+02
1.16548330953590238e+02
6.95294067623681258e+02
1.29290456946463064e+03
1.29295693258235565e+03
5.62320714483245325e+01
6.97069711065951310e+02
1.13133417760633222e+02
2.46697478436852862e+03
6.05462682667367673e+01
1.08063532745366820e+03
6.23433930654350092e+01
7.99403159662639496e+02
6.15282297801168028e+01
1.18415320960474332e+02
7.55152457284626280e+02
6.62653092879830524e+02
1.09938326678037427e+02
7.42724754961926351e+02
1.46344165091601076e+03
1.46423069682328264e+03
6.13108727255392978e+01
6.34074311699619443e+02
1.01374229339268354e+02
8.53404292384095584e+02
6.31149521390370012e+01
8.78624299898001368e+02
8.79508067469446814e+02
8.36258478221447945e+02
1.19480957985139483e+02
7.89838557325384613e+02
6.05450216402036077e+01
6.68503599357743497e+02
1.08650900455302434e+02
7.54788277784861066e+02
9.56595767031292780e+02
7.81744189922117812e+02
5.61336559385334013e+01
5.59918808811898316e+02
1.07565628553770139e+02
1.00279389708399708e+03
6.15952918291449052e+01
6.24169059955120034e+01
1.00362873896376345e+03
7.58561504264168661e+02
1.14401265134875274e+02
7.66471078133031938e+02
9.57883041750455050e+02
9.09000792950450546e+02
1.24915615502236065e+02
8.35774618961457236e+02
5.61336550110244303e+01
9.07339967057066247e+02
1.22621677234426343e+02
7.86472296915191578e+02
2.46638432458445368e+03
4.46642565753030965e+02
1.00361306367542426e+02
9.89815414466915968e+02
6.16824647672309183e+01
6.24492642127902187e+01
9.90594247692377166e+02
7.63297228196010451e+02
1.14801540108857864e+02
8.07184064861590969e+02
1.60200651302154552e+03
1.64973171712620592e+03
5.61359839826861986e+01
6.78900271696275013e+02
1.09817473354957571e+02
2.46348197614454148e+03
6.05146732964046095e+01
1.07944600310624833e+03
6.22855496556402812e+01
7.92522787399694380e+02
6.15220824263041379e+01
1.15329855576699799e+02
7.46158430131941032e+02
6.61858600164958489e+02
1.09749540585557838e+02
7.36679050099010283e+02
1.46212204469685776e+03
1.46293031182696086e+03
6.13014842376511666e+01
6.34784813183408005e+02
1.00054672131982556e+02
8.50453107071365480e+02
6.29830169397858626e+01
8.64349758390070861e+02
8.75763832298766602e+02
8.32799818141987203e+02
1.19989867059493577e+02
7.88762078325454240e+02
6.05136404584510075e+01
8.62619185710528086e+02
6.34298116470439410e+01
8.93726202552105178e+02
8.68628588267378632e+02
7.50471801826167052e+02
5.61344157397031438e+01
5.66042524156445666e+02
9.79174420658755764e+01
9.67670463851235013e+02
9.79560243612546913e+01
6.22972767179901936e+01
9.87140963446597539e+02
7.45363139308343420e+02
1.14966468624471602e+02
7.24530874534056579e+02
1.21747497447622254e+03
1.22347829698000305e+03
6.20186793592379004e+01
6.77413684741719521e+02
9.48442469811156457e+01
8.38723228216005282e+02
1.20432054760318579e+02
7.88618613708840940e+02
2.46301255731238916e+03
4.43105811085314826e+02
9.81770482383400918e+01
9.77294218583437441e+02
6.15891950936179455e+01
1.06493065125781868e+02
9.57493476541888072e+02
1.05610232966007788e+03
8.07664202086216676e+01
8.61676786715875551e+02
8.25797856116657840e+02
7.83313533492626220e+02
9.82592183914031239e+01
6.67446020013727207e+02
1.08090936923619310e+02
1.44760912021428294e+03
6.03128421010403102e+01
8.83353914768280333e+02
1.31032525667169210e+02
1.03956649696286854e+03
6.16932817166046306e+01
6.21598390235268781e+01
1.04004040879939907e+03
6.82459178662710428e+02
1.12390196422578029e+02
7.93183334023127486e+02
9.58489918530704472e+02
9.01562206877633002e+02
1.26532868469341111e+02
7.92323472222782812e+02
5.95108136937060692e+01
7.33536952692985324e+02
1.15618651860804221e+02
7.89393782846098816e+02
9.52940127257990866e+02
8.96990990889376008e+02
1.26047045708372650e+02
7.84927889561199322e+02
6.03261573054036546e+01
6.92379917139428358e+02
1.13175498455030038e+02
8.49723094980457063e+02
1.64262492398289396e+03
6.14283022808708211e+02
9.07013602355424666e+01
5.36027445843709984e+02
1.06111245588878177e+02
1.00319629252096036e+03
6.17646757217509972e+01
6.26065143713124570e+01
1.00405152111139967e+03
7.85003497261136999e+02
1.19360872507332516e+02
8.60944859429367852e+02
1.64684096788906368e+03
1.70172110206443813e+03
6.15944673671365095e+01
6.54205584643514044e+02
9.32672483323823514e+01
1.69707800922260662e+03
6.12307231518583279e+01
7.26212597369409991e+02
1.44678360458328393e+03
4.57304439838277347e+02
8.98808751895022624e+01
9.58019049814215464e+02
6.15433369685343337e+01
1.04117942570962455e+02
9.37367164798688350e+02
9.95664403173958590e+02
6.32987605180008757e+01
8.75850434145798658e+02
8.11571151027553697e+02
7.66087298300569387e+02
9.88447112966186836e+01
6.64654866463997564e+02
1.09394830903365389e+02
8.80056228138496635e+02
1.22223621166453370e+02
1.08061609190231957e+03
6.23424572421156995e+01
7.55318166352794606e+02
1.18678621094316441e+02
6.19244758236326689e+01
7.99688197848968230e+02
8.64389774058235730e+02
6.32470131841567209e+01
8.97431269745533996e+02
9.05535272493348543e+02
8.61614413883820362e+02
1.24032638028172343e+02
7.96494315927062075e+02
5.94617634153791741e+01
7.03817918908241836e+02
1.10172359179637525e+02
7.35877377694174925e+02
1.45367816633585994e+03
1.45558093799728613e+03
6.13466998025537293e+01
6.43104767232321251e+02
1.06888438020238567e+02
6.72041712612701986e+02
1.10365275264618020e+02
8.35604283275759371e+02
1.64744484346325726e+03
6.05927697569910265e+02
9.04442271069338943e+01
6.64724110333503518e+02
6.40403052392341863e+01
9.84814533867412365e+02
6.15879975086095826e+01
8.44443160095171663e+01
9.83015439728342812e+02
8.70132063151511261e+02
1.13782720957689776e+02
8.71330035784743018e+02
1.64763484536370765e+03
1.70059712870046974e+03
6.16459553582458639e+01
6.60075622932666533e+02
9.34187059330715357e+01
1.70161286167256526e+03
6.11563002256882555e+01
7.78995473212124125e+02
9.37998015908926277e+02
5.25192466520618154e+02
1.03711469862478879e+02
1.03709854074292298e+03
6.17632303012983712e+01
6.26948520155204605e+01
1.03803172112578682e+03
7.92163350275247808e+02
1.16544343121208072e+02
6.95288101118672103e+02
1.29290456941428215e+03
1.29295693254112757e+03
5.62320714482650459e+01
6.89765684621293417e+02
1.11207553575428477e+02
1.44786154929213490e+03
6.03344515840176001e+01
8.83348126160133802e+02
1.31031658643876909e+02
1.03953515236395492e+03
6.16933735012111057e+01
6.21577285563821320e+01
1.04000672170333405e+03
6.82471504999454851e+02
1.12394094606476642e+02
7.93317370784330933e+02
9.58146176983501164e+02
9.01106832399144537e+02
1.26424863678958346e+02
7.88200203035813956e+02
5.95203731060548193e+01
7.33212455851186633e+02
1.15530286043507942e+02
7.86063557443537320e+02
9.53284818970596348e+02
8.97308576159783684e+02
1.26068993365891359e+02
7.85250177313104018e+02
6.03478738918403721e+01
6.68436448480174818e+02
1.08646612709844476e+02
7.54781134960259010e+02
9.56595740357810541e+02
7.81743963687086989e+02
5.61336559382366431e+01
5.40107068466956434e+02
1.07973469545077663e+02
1.00043852944222226e+03
6.15946754795363276e+01
6.24149721139276679e+01
1.00127203237196954e+03
7.58350071470441890e+02
1.14387770031093140e+02
7.66448565636460444e+02
9.57882953864133242e+02
9.09000693084130148e+02
1.24915591890722482e+02
8.35773869412033605e+02
5.61336550100345875e+01
9.07339936762713023e+02
1.22621670112431474e+02
7.22990066629693160e+02
1.44702684836059143e+03
4.49446330292837388e+02
1.01853302499303993e+02
9.88880732193723247e+02
6.16815336792786155e+01
6.23406221096140740e+01
9.89550010985666972e+02
7.48208672543006969e+02
1.11747121775369592e+02
6.83729819936693275e+02
1.38536841839371573e+03
1.38539892036647916e+03
5.61394432930527572e+01
6.78810609530340230e+02
1.09821632617400496e+02
2.46398847883231110e+03
6.05450591515771634e+01
1.07942319941231608e+03
6.22844393482274796e+01
7.92340415930051904e+02
6.14716014632778354e+01
1.15321541672416430e+02
7.46036320003305946e+02
6.54167344837075120e+02
1.07260710470949917e+02
7.41785954704385517e+02
1.46285967750533587e+03
1.46364834083476489e+03
6.13071704880801889e+01
6.35413396107127028e+02
1.00096066836159267e+02
8.50413717852446894e+02
6.29826243693737808e+01
8.64312921867746013e+02
8.75800231637877005e+02
8.32858847407093776e+02
1.20004271043126295e+02
7.89330480603155138e+02
6.05439495557311034e+01
6.69548889832989062e+02
1.08697117468878105e+02
7.58719814679597221e+02
9.29638481596768543e+02
7.43825286746499614e+02
5.61344000309582896e+01
5.59810173798286996e+02
1.07578939793296300e+02
1.00290820936818261e+03
6.16033594452732984e+01
6.24263312453017676e+01
1.00374415454062705e+03
7.59699722191099227e+02
1.14445459204816586e+02
7.69661619412641585e+02
9.36165832880663856e+02
8.85123819386395894e+02
1.25741069751731828e+02
8.00500121153003420e+02
5.61344762940308968e+01
8.77697333521848009e+02
1.23946869732050914e+02
7.88959372085018572e+02
2.46349292008536258e+03
4.50036462902029086e+02
1.01924515455168432e+02
9.90310809355549623e+02
6.16852099211310758e+01
6.24496892068185332e+01
9.91087478709192965e+02
7.63343704441651198e+02
1.14804421000064821e+02
8.07189062462494917e+02
1.60200658105293587e+03
1.64973178012992844e+03
5.61359839827638538e+01
6.79826417499346917e+02
1.10589978526660659e+02
1.44704276977147197e+03
6.02774065632483058e+01
8.83351751971531826e+02
1.31032160594812694e+02
1.03955142004762683e+03
6.16906092714818683e+01
6.21598431863629628e+01
1.04002811129869883e+03
6.82069344926101394e+02
1.12281093253690997e+02
7.89384873026218088e+02
9.58454809486738327e+02
9.01561335414565065e+02
1.26530999749428673e+02
7.92384400367894955e+02
5.95236049755546262e+01
7.33537508183215891e+02
1.15619445186801684e+02
7.89424700880061891e+02
9.52516075891800256e+02
8.96470159462627862e+02
1.25915915743743170e+02
7.80394962676432783e+02
6.02896389103338848e+01
8.62505847799477351e+02
6.34297291005315458e+01
8.93717202684701419e+02
8.68626265175064191e+02
7.50471325308006726e+02
5.61344157390624403e+01
5.40997093257630695e+02
9.67996560090437015e+01
9.64639926199832075e+02
9.79341940687900774e+01
6.22948947962637192e+01
9.84090139292001481e+02
7.45102336087258323e+02
1.14948880184010932e+02
7.24505208158648657e+02
1.21747487755423981e+03
1.22347818564540489e+03
6.20186653514800454e+01
6.77412102538679392e+02
9.48441455403832094e+01
8.38721427923763713e+02
1.20431931550002702e+02
7.21817971159762465e+02
1.44626205807597489e+03
4.57348828810375551e+02
8.98825935789950563e+01
9.58027504263864557e+02
6.15439385269337720e+01
1.04118090614604881e+02
9.37374888896046059e+02
9.95665948069760020e+02
6.32987618177306288e+01
8.75850567627722739e+02
8.11571188762913607e+02
7.66087328683724763e+02
9.88447128097700727e+01
6.64726695419478006e+02
1.09419306975812987e+02
8.80416226809564705e+02
1.22245029080565558e+02
1.08067707471250992e+03
6.23454236379298550e+01
7.55644824909883710e+02
1.18701125428409540e+02
6.19897626501589372e+01
8.00105998384222289e+02
8.64450052623635088e+02
6.32475633798003756e+01
8.97496001887291300e+02
9.05589571778824734e+02
8.61669326932323088e+02
1.24067926497145208e+02
7.97327963747903482e+02
5.95286710597203097e+01
7.13498264662611746e+02
1.13124612143251355e+02
7.37537174260243319e+02
1.45492670561755313e+03
1.45676808449933333e+03
6.13479050733147844e+01
6.43241997357731975e+02
1.06898229346541683e+02
6.72041850926065194e+02
1.10365282592906240e+02
8.35604297615711175e+02
1.64744484368702661e+03
6.05927698415782402e+02
9.04442271605659585e+01
6.64763855659704632e+02
6.40403522515533723e+01
9.84819291852355377e+02
6.15879987858067039e+01
8.44443359814137864e+01
9.83020190285073340e+02
8.70132377299852919e+02
1.13782733453458150e+02
8.71330064136040733e+02
1.64763484829924050e+03
1.70059713150840003e+03
6.16459553759313650e+01
6.60075624872325193e+02
9.34187060527576136e+01
1.70161286189559837e+03
6.11563002333916046e+01
7.79645671908991176e+02
9.38446358679150535e+02
4.56026019717728275e+02
9.00871124186712962e+01
9.58820321437532925e+02
6.15431978608712313e+01
1.04095840840336393e+02
9.38286819810494080e+02
9.95707320115458060e+02
6.32715315541694139e+01
8.74021250858660665e+02
8.10622005092980658e+02
7.65165541368802792e+02
9.88428350680598555e+01
6.64531704157716717e+02
1.09321930041897645e+02
8.80203254060380004e+02
1.21882464936587638e+02
1.08067159034844849e+03
6.23451607113633983e+01
7.55612404717662457e+02
1.18694383704659060e+02
6.19851424821742114e+01
8.00070012532085002e+02
8.64267112492459773e+02
6.32339178237434680e+01
8.95744569798028124e+02
9.03943931294320919e+02
8.60151054651929371e+02
1.23889477672422856e+02
7.92793819740493859e+02
5.95207732028401395e+01
7.12834358463476178e+02
1.12958602120837767e+02
7.31754972042733129e+02
1.45473118157319823e+03
1.45656594790019335e+03
6.13361214951804428e+01
6.41852274854542316e+02
1.06513154845825341e+02
8.35077321479085640e+02
9.82471480493364879e+01
8.65408378976322524e+02
1.63476541938544187e+03
6.19720698598151444e+02
9.08224120027495303e+01
6.55759101553551773e+02
6.24133823635284486e+01
7.88746638609890510e+02
9.23580593943102883e+01
6.32152609870879658e+01
8.08961609078549486e+02
8.45271612734429368e+02
1.23363697559690763e+02
8.56293450863395151e+02
1.65091572219926525e+03
1.70553486583914287e+03
6.15182791259101123e+01
6.45656809230117574e+02
9.30037835957097201e+01
1.68753160505062579e+03
6.12780529176465905e+01
7.76038582791027807e+02
9.38250889581171009e+02
5.47159663271292288e+02
6.20434549651327032e+01
7.63866578011586967e+02
6.15535763083254679e+01
1.17463665262559516e+02
7.23513164340675530e+02
8.99952101185822130e+02
6.26542741814700364e+01
8.10508890033869761e+02
7.70608376867942638e+02
7.27052288628168753e+02
9.83132558752835735e+01
6.65125775370699216e+02
1.09618878686692227e+02
1.44769024716984313e+03
6.03344740423912000e+01
8.83348033013034069e+02
1.31031616683402262e+02
1.03953422882294603e+03
6.16933707592449565e+01
6.21576309215693996e+01
1.04000570903947369e+03
6.82471194044115691e+02
1.12394005196161174e+02
7.93315722488652227e+02
9.58138615265099702e+02
9.01099236161607905e+02
1.26419254080812578e+02
7.88074978563545187e+02
5.95102510342399782e+01
7.33201130724921200e+02
1.15525909770292373e+02
7.85964907253528168e+02
9.53207977072109315e+02
8.97245096699374926e+02
1.26064586276894858e+02
7.85215391409900917e+02
6.03478926370451987e+01
6.80825174375258143e+02
1.12122729390992959e+02
7.82011855139922659e+02
2.41954321397121385e+03
6.19340187501541322e+02
9.13597870465374911e+01
5.40146916068219753e+02
1.08013578670637344e+02
1.00209253986592466e+03
6.16799083525064091e+01
6.25171524789152926e+01
1.00294298121202587e+03
7.72927310921728235e+02
1.18358611392429168e+02
7.94535997465661580e+02
2.42439840956335365e+03
2.43013744379603395e+03
6.16494805879938568e+01
6.59459944378562000e+02
9.39497607099971788e+01
2.42491040159891872e+03
6.12836229741654961e+01
7.20622627584713427e+02
1.44684597530197311e+03
5.47125373521576535e+02
6.20449780795996801e+01
7.64110447219231673e+02
6.16163968813928733e+01
1.17481390637284250e+02
7.23687081135470180e+02
9.00233002148352170e+02
6.26544642557825426e+01
8.10529941071045414e+02
7.70613881427874503e+02
7.27056466630063142e+02
9.83135255966110577e+01
6.73720070737800143e+02
1.11705248297119766e+02
2.46788074235084059e+03
6.05779508955434736e+01
1.08063873789484546e+03
6.23435585534485597e+01
7.99423378701591560e+02
6.15287810254701526e+01
1.18421883358098214e+02
7.55175866005567059e+02
6.62730362050663871e+02
1.09958808533850458e+02
7.43424295987516871e+02
1.46415516282350404e+03
1.46496915407108099e+03
6.13675547243354558e+01
6.42609223506203989e+02
1.04071640768203608e+02
8.53636499048431233e+02
6.31320881894769954e+01
8.81207809522036769e+02
8.89700302634216087e+02
8.49269230568453622e+02
1.23121202490041640e+02
7.91786160583431297e+02
6.05767132852430876e+01
6.80915104869038942e+02
1.12128760475239091e+02
7.82021520254715142e+02
2.41954328119660477e+03
6.19340736972546324e+02
9.13598225394748766e+01
5.65310617898863711e+02
1.09709426664585209e+02
1.00519569148869880e+03
6.16807305332797497e+01
6.25197336870291664e+01
1.00604792003649902e+03
7.73210611497659897e+02
1.18377612169184189e+02
7.94566451187884354e+02
2.42439863599692490e+03
2.43013768723281100e+03
6.16494974781346841e+01
6.59461796517800622e+02
9.39498803409165220e+01
2.42491047386497485e+03
6.12836279849452481e+01
7.87799471342119205e+02
2.46729267651922555e+03
4.46327521799397346e+02
1.00346572906376210e+02
9.90074339174373563e+02
6.17408990039435608e+01
6.24497895861676042e+01
9.90794550345360562e+02
7.63354750414299474e+02
1.14805122278891005e+02
8.07190254734130235e+02
1.60200659710114360e+03
1.64973179498060040e+03
5.61359839827826690e+01
6.87577328904288038e+02
1.12622595499408959e+02
2.46693725222591956e+03
6.05171385956502306e+01
1.08062966650441922e+03
6.23431182928702441e+01
7.99357764504065926e+02
6.15155578220611687e+01
1.18413134148211967e+02
7.55121798544949911e+02
6.61108724748974396e+02
1.09712821603851665e+02
7.37045985489719783e+02
1.46315048928556098e+03
1.46401372747745404e+03
6.13610979720910876e+01
6.41896395453160494e+02
1.04024398800763379e+02
8.53405937374961127e+02
6.31317372067023044e+01
8.81186548804102358e+02
8.89466173471616457e+02
8.48875591614272935e+02
1.22990810419241029e+02
7.86897253685669739e+02
6.05159750353876831e+01
8.62619870718825268e+02
6.34298125784811901e+01
8.93726282678732218e+02
8.68628616527895019e+02
7.50471805914616084e+02
5.61344157397067960e+01
5.66297176240927911e+02
9.79111853047715499e+01
9.67695346794468719e+02
9.79562783434323592e+01
6.22972940787220821e+01
9.87166099129065287e+02
7.45365040487987244e+02
1.14966528273055161e+02
7.24531033424098723e+02
1.21747497512090558e+03
1.22347829771808756e+03
6.20186794448155041e+01
6.77413694381048572e+02
9.48442475946631021e+01
8.38723252652947281e+02
1.20432056024100802e+02
7.88689814658736736e+02
2.46640586018248723e+03
5.27234264674330120e+02
1.03727082853646593e+02
1.03730424488418817e+03
6.17628234289477547e+01
6.26950006884932662e+01
1.03823792595357918e+03
7.92179714254961027e+02
1.16545419691468311e+02
6.95289711683753467e+02
1.29290456942993637e+03
1.29295693255373862e+03
5.62320714482875630e+01
6.89727261788290775e+02
1.11191529622189861e+02
1.44754570288449077e+03
6.03079501047022362e+01
8.83187327438989769e+02
1.30997574068140665e+02
1.03846356085391790e+03
6.16344718174459985e+01
6.20960033475663735e+01
1.03893236760163222e+03
6.73664118987998336e+02
1.09626397667719687e+02
7.92112917033204212e+02
9.58453885836064728e+02
9.01531785537472388e+02
1.26529289026980550e+02
7.92250816491010937e+02
5.95078853106860777e+01
7.23994409452043783e+02
1.12622835415659836e+02
7.88257927056988137e+02
9.52912945973084788e+02
8.96966355125351129e+02
1.26043264585654271e+02
7.84829996104194379e+02
6.03212465454413476e+01
6.68417401706583632e+02
1.08645417769527853e+02
7.54779119134660277e+02
9.56595732370515520e+02
7.81743895380180334e+02
5.61336559381474061e+01
5.35405189606765703e+02
1.06002050286600081e+02
9.99777539862187382e+02
6.15945005239004075e+01
6.24144231201071520e+01
1.00061066325637455e+03
7.58290077577949774e+02
1.14384010078375297e+02
7.66442206963002036e+02
9.57882927494745900e+02
9.09000663130834141e+02
1.24915584745593520e+02
8.35773643549538292e+02
5.61336550097376090e+01
9.07339927683367250e+02
1.22621667960148017e+02
7.22853200689288201e+02
1.44672214567321384e+03
5.46698085188217988e+02
6.19749925434983666e+01
7.12721077243056357e+02
1.13669757050130684e+02
6.23205345540267928e+01
7.56497160826477739e+02
7.49235615759850930e+02
1.14163365570919666e+02
6.86412353986188805e+02
2.28650728596930412e+03
2.28650909423596795e+03
5.61366897405895386e+01
8.66643287557499207e+02
6.29594360852614443e+01
8.20029410945489758e+02
1.16405605991148434e+02
8.67630452320716358e+02
1.27098827908262990e+02
1.03658182473713305e+03
6.16414799044193984e+01
6.21051658491733392e+01
1.03705302994234012e+03
6.74656078556123930e+02
1.09892472090389873e+02
8.01936557895495753e+02
2.49553279093942274e+03
2.49617239191889712e+03
6.16295878270311874e+01
6.68930231960542187e+02
1.02109088281461652e+02
7.25390358788053277e+02
1.12952279943191087e+02
8.01691351267464256e+02
2.47806768068609108e+03
2.47964451602074041e+03
6.16262953787506333e+01
6.69625597007725787e+02
1.06497974087700868e+02
7.67354240087071730e+02
1.10598167608623413e+02
8.10595841988404004e+02
9.13055968268809579e+02
7.39272819905027632e+02
5.61343861597890452e+01
6.69970915217097513e+02
6.28151647471343608e+01
8.41753876428040826e+02
8.05579065673933599e+01
6.28741840923726727e+01
8.56805185257939002e+02
8.08629819417558906e+02
1.19982023896413608e+02
7.66215777991242817e+02
9.57563966279616466e+02
9.08464000788106205e+02
1.25178818067026725e+02
8.36825161858513411e+02
5.61336239147114284e+01
8.59122212419939387e+02
1.20156435962335181e+02
8.61210155486185954e+02
8.65865033112444735e+02
5.49301116899018098e+02
6.20463454953250917e+01
7.64272627369897691e+02
6.16164243837158594e+01
1.17491580328345037e+02
7.23837189428930742e+02
9.00254270157353517e+02
6.26544784435188902e+01
8.10531512201027681e+02
7.70614289668488937e+02
7.27056775501175480e+02
9.83135457772643804e+01
6.73721694835612880e+02
1.11704939234916026e+02
2.46783745878109721e+03
6.05779367414406096e+01
1.08063867319219139e+03
6.23435554064062529e+01
7.99423002676681563e+02
6.15287790141534359e+01
1.18421754444744721e+02
7.55175414349886864e+02
6.62730086527638036e+02
1.09958738706198247e+02
7.43422037575463150e+02
1.46415258826605350e+03
1.46496627503906893e+03
6.13672357778723665e+01
6.42564390335347525e+02
1.04059639840405339e+02
8.53631851010275568e+02
6.31317457257890098e+01
8.81158222308623294e+02
8.89650106909590932e+02
8.49230908639473341e+02
1.23118612157916800e+02
7.91781103952872741e+02
6.05766991790157547e+01
6.80915099324999460e+02
1.12128760103512178e+02
7.82021519659128558e+02
2.41954328119245201e+03
6.19340736938652412e+02
9.13598225372861776e+01
5.65309067345656103e+02
1.09709322162376566e+02
1.00519550038414729e+03
6.16807304825903557e+01
6.25197335278884836e+01
1.00604772882177724e+03
7.73210594031743767e+02
1.18377610998048340e+02
7.94566449311093152e+02
2.42439863598295597e+03
2.43013768721779343e+03
6.16494974770930497e+01
6.59461796403578660e+02
9.39498803335407615e+01
2.42491047386051150e+03
6.12836279846362189e+01
7.87778366789312145e+02
2.46724611368558726e+03
5.47062047674553355e+02
6.20289790079747405e+01
7.21162471466538022e+02
1.16598683206712479e+02
6.23237783262232412e+01
7.62916416188586481e+02
7.49549475375963198e+02
1.14238186789191786e+02
6.87823578353719881e+02
1.21703766992241799e+03
1.21722579194585478e+03
5.64018043905079054e+01
8.69645099876964650e+02
6.31124664675457012e+01
8.36056747889594931e+02
1.19751352439083774e+02
8.83377790815813341e+02
1.31037563407582098e+02
1.03972184462801170e+03
6.16985880999313139e+01
6.21700725352369048e+01
1.04020077976149537e+03
6.83189559624748540e+02
1.12589483755477858e+02
8.00341390854368569e+02
2.49732924381405974e+03
2.49801877350868608e+03
6.17027907290296156e+01
6.77335266657816760e+02
1.06362982305217486e+02
7.34961104840840449e+02
1.15994475776659769e+02
8.02280045138718151e+02
2.48230513617328870e+03
2.48400414605239257e+03
6.16892734222722083e+01
6.78736748930304771e+02
1.09541809086767969e+02
6.64881733198783763e+02
1.08783259074516010e+02
7.49559384513755617e+02
9.56051372483032310e+02
7.81952202802149600e+02
5.61336218084146097e+01
6.73845910618108519e+02
8.46696364002767723e+01
9.85506711027709343e+02
6.15469384646153372e+01
6.34786705936571565e+01
9.87063640856348343e+02
8.75568292278554395e+02
1.16721345333126123e+02
8.24766299032976804e+02
9.19400583160051951e+02
8.66342535877931482e+02
1.21900650812878908e+02
7.95278522727476570e+02
5.61344616493547690e+01
9.06535948294058926e+02
1.22890051993598462e+02
8.78512891418265667e+02
8.79674098763064421e+02
5.47212027916005127e+02
6.20450072971921927e+01
7.64113966138638148e+02
6.16163946328893246e+01
1.17481634237610052e+02
7.23690336453065584e+02
9.00233589232008512e+02
6.26544644013679743e+01
8.10529957027081309e+02
7.70613882097982469e+02
7.27056465856580871e+02
9.83135258595315236e+01
6.73719633413174506e+02
1.11705131106648622e+02
2.46787159072210034e+03
6.05779478755506702e+01
1.08063872421290580e+03
6.23435578878615928e+01
7.99423299174373597e+02
6.15287805995642216e+01
1.18421856109040505e+02
7.55175770511466339e+02
6.62730303712450905e+02
1.09958793744566975e+02
7.43423817832395343e+02
1.46415461753458067e+03
1.46496854436109561e+03
6.13674872167149914e+01
6.42599733956202158e+02
1.04069104397650193e+02
8.53635516946774942e+02
6.31320158163828822e+01
8.81197328605909433e+02
8.89689689133188949e+02
8.49261127885290762e+02
1.23120654757122779e+02
7.91785091279800326e+02
6.05767102752080149e+01
6.80915103684882411e+02
1.12128760395856460e+02
7.82021520127545841e+02
2.41954328119571346e+03
6.19340736965307997e+02
9.13598225390075953e+01
5.65310287038771662e+02
1.09709404365335189e+02
1.00519565072164357e+03
6.16807305224527482e+01
6.25197336530374912e+01
1.00604787924591551e+03
7.73210607767073725e+02
1.18377611919098030e+02
7.94566450787182134e+02
2.42439863599393630e+03
2.43013768722959821e+03
6.16494974779121492e+01
6.59461796493402403e+02
9.39498803393414619e+01
2.42491047386401715e+03
6.12836279848792316e+01
7.87794927868187528e+02
2.46728283123139317e+03
4.50069051989682691e+02
1.01920837442066727e+02
9.90123370773400552e+02
6.17407934439694159e+01
6.24112837173090398e+01
9.90804430134697895e+02
7.58602282224127180e+02
1.14894020706640816e+02
6.84840219983889597e+02
1.38536842355377303e+03
1.38539892493339494e+03
5.61394432930654261e+01
6.87582271244699541e+02
1.12633894681846300e+02
2.46789050100382883e+03
6.05782364412283911e+01
1.08063874741944005e+03
6.23435590167581495e+01
7.99423436159385233e+02
6.15287834207653148e+01
1.18421900772586611e+02
7.55175930954645764e+02
6.62730698451851254e+02
1.09958897875503240e+02
7.43427502767607166e+02
1.46415797570065502e+03
1.46497172465911603e+03
6.13675978420465853e+01
6.42615231152640376e+02
1.04073205664147608e+02
8.53637115489645680e+02
6.31321334925529740e+01
8.81214353219911118e+02
8.89707096067739599e+02
8.49274566906232508e+02
1.23121643096057227e+02
7.91790591405591385e+02
6.05769988934244097e+01
6.78320722326602549e+02
1.11446371388491201e+02
7.59753765892485944e+02
9.29641949373856164e+02
7.43855328844617588e+02
5.61344000713837019e+01
5.65333693043883841e+02
1.09703210173844496e+02
1.00484458011686388e+03
6.16620854697580398e+01
6.24986285254220988e+01
1.00569430978750449e+03
7.70312008777904225e+02
1.17643281186160237e+02
7.70906937641633476e+02
9.36170351727709203e+02
8.85128957156050888e+02
1.25742309756596526e+02
8.00539275768058246e+02
5.61344763467186283e+01
8.77701276031296857e+02
1.23947821181265127e+02
7.89257596738231427e+02
2.46730257958655920e+03
4.46576170902605554e+02
1.00348116717165141e+02
9.89474919073290039e+02
6.17347217592466180e+01
6.24010523427461834e+01
9.90151753196784512e+02
7.56511822327101072e+02
1.13848392047131640e+02
7.52434070020249692e+02
2.35124990082150089e+03
2.35138505207316939e+03
5.61366268378843216e+01
6.86744222887712226e+02
1.12418290735259916e+02
8.79561506537402465e+02
1.21822317302154005e+02
1.08067504767783817e+03
6.23453248623251568e+01
7.55630193803502380e+02
1.18695066565312302e+02
6.19897073702197545e+01
8.00094222156625733e+02
8.64250328808021777e+02
6.32322345384109639e+01
8.95472202537220937e+02
9.03868149808227145e+02
8.60303684320802972e+02
1.23982832278683162e+02
7.97159560265260097e+02
5.95290216587093397e+01
7.13491115804281208e+02
1.13122716748087754e+02
7.37485447033066066e+02
1.45483544667949377e+03
1.45666826355060562e+03
6.13395507280634575e+01
6.42154197540528912e+02
1.06498987962645046e+02
8.56326055116585735e+02
6.28377462705802330e+01
8.34091823117847639e+02
8.28708879891503784e+02
7.44233398718117769e+02
5.61344005801239732e+01
6.53110860470329612e+02
6.20898337337675841e+01
7.27495825548061475e+02
1.16704416710088253e+02
6.23533865715060855e+01
7.70161571722486997e+02
7.53433599027163382e+02
1.15345530530353386e+02
7.18688691576276256e+02
1.42494483273427818e+03
1.43011832756466401e+03
6.12885423720531222e+01
6.21930742482312894e+02
9.15270231082629664e+01
8.01098228618167468e+02
1.19013248108652235e+02
7.81659628786268286e+02
9.37655089180733057e+02
4.43105809094208894e+02
9.81770477454384007e+01
9.77294198168430626e+02
6.15891910348772953e+01
1.06493064745098820e+02
9.57493460382841363e+02
1.05610232312620087e+03
8.07664201915083453e+01
8.61676786270871617e+02
8.25797856005501444e+02
7.83313533406481270e+02
9.82592183863076798e+01
6.67445456004802395e+02
1.08090788331329790e+02
1.44760493728053325e+03
6.03128238432969681e+01
8.83226520607413022e+02
1.31005797382186387e+02
1.03876814383047258e+03
6.16926983607194970e+01
6.20965506995427674e+01
1.03917836227355338e+03
6.82395165238457025e+02
1.12385900765442642e+02
7.93176270105817139e+02
9.58489047485096648e+02
9.01561255883737886e+02
1.26532649259895749e+02
7.92316233140350505e+02
5.95102949953708347e+01
7.24054934679437565e+02
1.12627260148828285e+02
7.88292014664458748e+02
9.52933533688415764e+02
8.96984602926058528e+02
1.26045899370196395e+02
7.84896217806422783e+02
6.03261389332790685e+01
6.92379909898442975e+02
1.13175497981133503e+02
8.49723094188066739e+02
1.64262492396811399e+03
6.14283022762675273e+02
9.07013602325964570e+01
5.36025437926395171e+02
1.06111117771933593e+02
1.00319604553107808e+03
6.17646756556341003e+01
6.26065141639584652e+01
1.00405127397809588e+03
7.85003474473370602e+02
1.19360871012726250e+02
8.60944856938383850e+02
1.64684096784184726e+03
1.70172110201797864e+03
6.15944673657265795e+01
6.54205584488743739e+02
9.32672483224723976e+01
1.69707800920810655e+03
6.12307231514390011e+01
7.26207185424669660e+02
1.44677892205859803e+03
4.57217645247191854e+02
8.98780923475693498e+01
9.58008330167878626e+02
6.15433347923008824e+01
1.04117791514371845e+02
9.37356640119542590e+02
9.95663337320719620e+02
6.32987597505938311e+01
8.75850350122263535e+02
8.11571130231674715e+02
7.66087282555259776e+02
9.88447102696884770e+01
6.64654629210541998e+02
1.09394814953888798e+02
8.80056228017401395e+02
1.22223621148844757e+02
1.08061609190214426e+03
6.23424572421071943e+01
7.55318166351732430e+02
1.18678621094113623e+02
6.19244758235130348e+01
7.99688197847843639e+02
8.64389774052212715e+02
6.32470131837147846e+01
8.97431269682875723e+02
9.05535272421974014e+02
8.61614413821507810e+02
1.24032638019758195e+02
7.96494315725749630e+02
5.94617634009442284e+01
7.03817918891798399e+02
1.10172359175471584e+02
7.35877377544294404e+02
1.45367816620705139e+03
1.45558093788245492e+03
6.13466998021075938e+01
6.43104767172400329e+02
1.06888438006497779e+02
6.72041712611634352e+02
1.10365275264554597e+02
8.35604283275646367e+02
1.64744484346325225e+03
6.05927697569903785e+02
9.04442271069334822e+01
6.64724109902104033e+02
6.40403052388582523e+01
9.84814533824035038e+02
6.15879975085997771e+01
8.44443160093574789e+01
9.83015439684992202e+02
8.70132063148711381e+02
1.13782720957571215e+02
8.71330035784462552e+02
1.64763484536368583e+03
1.70059712870044928e+03
6.16459553582457076e+01
6.60075622932648798e+02
9.34187059330704130e+01
1.70161286167256003e+03
6.11563002256881916e+01
7.78995447781863504e+02
9.37998015774955206e+02
4.43104859145406181e+02
9.81766435150985615e+01
9.77274175681410497e+02
6.15853813937202759e+01
1.06492701228772120e+02
9.57477495276604031e+02
1.05609565592393824e+03
8.07664043081751259e+01
8.61676361387870543e+02
8.25797754685556583e+02
7.83313457729127208e+02
9.82592131510381250e+01
6.66885314327971287e+02
1.07937254563779035e+02
1.44786119810964919e+03
6.03352911626406438e+01
8.83348116788634229e+02
1.31031656987474321e+02
1.03953510641557114e+03
6.16933803273518322e+01
6.21577223658112601e+01
1.04000666262912659e+03
6.82472424163123947e+02
1.12394350414557778e+02
7.93325870729045505e+02
9.58150154284325595e+02
9.01109486461940378e+02
1.26424818400393207e+02
7.88190220919858916e+02
5.95196011008904975e+01
7.33211586161664854e+02
1.15530052864367789e+02
7.86055106021053575e+02
9.53281452356043928e+02
8.97306369348398789e+02
1.26069099923867697e+02
7.85260193282352247e+02
6.03487143680340665e+01
6.92397844899590041e+02
1.13176670266685562e+02
8.49725051054828896e+02
1.64262495978119750e+03
6.14283136943742079e+02
9.07013675172052558e+01
5.40283530478320699e+02
1.08053580858501945e+02
1.00380259770616760e+03
6.17648394907488409e+01
6.26070281315545571e+01
1.00465818122952282e+03
7.85059945962767642e+02
1.19364568568978839e+02
8.60951012053785917e+02
1.64684108243816991e+03
1.70172121494848739e+03
6.15944708658849294e+01
6.54205968717517635e+02
9.32672728505931445e+01
1.69707804439592974e+03
6.12307241915674183e+01
7.20905231365469263e+02
1.44702488727347827e+03
4.59252422835574293e+02
8.99587540923321143e+01
9.58264100595430364e+02
6.15433864986244075e+01
1.04121391143419942e+02
9.37607682725819927e+02
9.95689260615790090e+02
6.32987781358427100e+01
8.75852379503461293e+02
8.11571638987210349e+02
7.66087668949429144e+02
9.88447351606881597e+01
6.64660287812111733e+02
1.09395190743849298e+02
8.80056210485456859e+02
1.22223620122796561e+02
1.08061609186811506e+03
6.23424572404630695e+01
7.55318166167341019e+02
1.18678621079894839e+02
6.19244757854300758e+01
7.99688197613610328e+02
8.64389773914021021e+02
6.32470131765482151e+01
8.97431268805742548e+02
9.05535267907468779e+02
8.61614407379804106e+02
1.24032636443894518e+02
7.96494249748435095e+02
5.94617586833593208e+01
7.03817913449979756e+02
1.10172357887108063e+02
7.35877327970803663e+02
1.45367813575396303e+03
1.45558091218269442e+03
6.13466997839550388e+01
6.43104765433512057e+02
1.06888438063566525e+02
6.72041712630232723e+02
1.10365275265681049e+02
8.35604283277621676e+02
1.64744484346328773e+03
6.05927697570026680e+02
9.04442271069413977e+01
6.64724117294856796e+02
6.40403052455293107e+01
9.84814534581083080e+02
6.15879975087704779e+01
8.44443160121682155e+01
9.83015440441552073e+02
8.70132063197470984e+02
1.13782720959622623e+02
8.71330035789135877e+02
1.64763484536414308e+03
1.70059712870087765e+03
6.16459553582485640e+01
6.60075622932963142e+02
9.34187059330900809e+01
1.70161286167259505e+03
6.11563002256893142e+01
7.78995992617322941e+02
9.37997991724715007e+02
4.46969843680436156e+02
1.00423794373783494e+02
9.91615384186867232e+02
6.16779785698529821e+01
6.25969458190171153e+01
9.92545954566297496e+02
7.83912681324970777e+02
1.17911110554045905e+02
8.33024103762757591e+02
1.58479293204115356e+03
1.63320852029365187e+03
5.61351191063897943e+01
6.78188319416623585e+02
1.09646709379534286e+02
8.69572675858230923e+02
1.16855643018588552e+02
1.07949729410585769e+03
6.22880352312043613e+01
7.46705147218192224e+02
1.15623890577328154e+02
6.19815097819631475e+01
7.93277527009367191e+02
8.61750481184140881e+02
6.31183820572482333e+01
8.82433036870049023e+02
8.90329231303636448e+02
8.44017304572495391e+02
1.20627085054304928e+02
7.91039665930582942e+02
5.95376475152331182e+01
7.12465050774339261e+02
1.12923971200982479e+02
7.31453248628569781e+02
1.45392915213604374e+03
1.45568391696580238e+03
6.12710704766125858e+01
6.33525175331516607e+02
1.02924521437658370e+02
8.10203967926203632e+02
9.92761296401420168e+01
9.57919872766737740e+02
9.57749740454348625e+02
7.88414948364776365e+02
5.61336491770376824e+01
6.31234524757039935e+02
1.03491647199748172e+02
1.04837421518869701e+03
6.26108184141467419e+01
6.27239797335821407e+01
1.04859559122277938e+03
7.96081809441812197e+02
1.17724606068516152e+02
7.28334363304340400e+02
1.44423928022443647e+03
1.44949185823347148e+03
6.13670559539879648e+01
6.31035314517160145e+02
9.18386987979211682e+01
9.43519090046712108e+02
1.18947330592104421e+02
7.81141313642372211e+02
9.28312952292520208e+02
8.34643056587767092e+02
1.27856863488258398e+02
1.03824564908003435e+03
6.17480986780452952e+01
6.25117826419180318e+01
1.03902137117179927e+03
7.71331331136062886e+02
1.17318327892858804e+02
7.54128173732559048e+02
2.35125002850926830e+03
2.35138517068741658e+03
5.61366268380410531e+01
6.88203552311845215e+02
1.12512421999114622e+02
8.79493846037127128e+02
1.21817812163799928e+02
1.08067492023290106e+03
6.23453186626162648e+01
7.55629491043014696e+02
1.18694999663715208e+02
6.19895802453194591e+01
8.00093358214885711e+02
8.64249332824380872e+02
6.32321689464018561e+01
8.95463827829753996e+02
9.03850544622820507e+02
8.60281755365155732e+02
1.23976843044413329e+02
7.96946955921783569e+02
5.95134115328518192e+01
7.13473506169165375e+02
1.13118224004189358e+02
7.37325007050121371e+02
1.45469844878599997e+03
1.45654675640336768e+03
6.13394497213085117e+01
6.42142960776390851e+02
1.06498123953625623e+02
8.56326014671613621e+02
6.28377462431686453e+01
8.34091820081172159e+02
8.28708879085240142e+02
7.44233398554923156e+02
5.61344005801237529e+01
6.53104880481516602e+02
6.20898299624083734e+01
7.27495411950572475e+02
1.16704389069395972e+02
6.23533863228181104e+01
7.70161124204361613e+02
7.53433574111440976e+02
1.15345528865237242e+02
7.18688689140118527e+02
1.42494483272415005e+03
1.43011832755322280e+03
6.12885423707289121e+01
6.21930742336493836e+02
9.15270230988485025e+01
8.01098227999119445e+02
1.19013248064899841e+02
7.81641035061895423e+02
9.37566298182457786e+02
